30,0.039737132240898615,0.6416640508508408,-0.023301825093412113
47,0.05160547268845736,0.44589998603421743,-0.07973515336333978
63,0.17616002663048283,0.62928746520407,0.025680005328485828
79,0.305904664854981,0.5215083977805637,-0.026635041983095572
96,0.22214456707299077,0.3931559979503903,-0.0584958417855144
114,0.2751616695903021,0.45510111631191547,-0.14361311066408247
130,0.4686105782049356,0.44228866968084424,-0.0013757452525318128
147,0.4466513997201274,0.3684567918517206,0.0886125798334872
162,0.38460601187621135,0.14229541989826175,0.0830629607273935
181,0.49581832971988693,0.15471867171654685,-0.022854812829313592
197,0.43845484272257984,0.13470700634335336,-0.03011060301808903
213,0.4538852450787238,0.08773598296485867,0.02343871280375119
231,0.5183703459394186,0.08104902756871099,-0.04991927195941458
246,0.345950944641512,-0.017179179689996396,0.0150895949909733
264,0.3531501987633017,-0.2005182059896704,0.03830401391923452
279,0.43054525580829905,-0.12409266910699653,0.061346661194215384
297,0.3713870366062558,-0.16404278615983053,-0.00500770382399764
313,0.4473037493586294,-0.2231301616550152,-0.010183687508848294
331,0.3126146953461978,-0.23224953682997507,-0.04389912933782805
346,0.2292892568575211,-0.29777054134679337,-0.041344017701993
363,0.4111445276599609,-0.36777409084919876,-0.011323944595076338
381,0.22281473301193472,-0.4437665969386236,0.018368275340808905
397,0.18946453271737299,-0.597765117625405,0.045679231311662474
414,0.01036508868535109,-0.44992212303370865,-0.04015894753401725
429,0.019115998820137654,-0.4794423356841899,0.07463442844797609
445,0.008873807176789348,-0.4782736930243701,-0.01355618005212844
460,-0.15474610297593638,-0.5981972367228636,-0.001068364717421808
482,-0.09428910211477357,-0.5707761037969766,-0.03736058395739117
497,-0.23211337153584338,-0.3806360146774934,-0.12121201301364709
513,-0.26421233703431984,-0.44131775233046416,0.04420226981805249
530,-0.34202915512458804,-0.349988441397664,0.03684219485462167
547,-0.19409129820362916,-0.36221884362026907,-0.01406637785591067
564,-0.38633639936692943,-0.31633150371468516,0.0033495358612435962
580,-0.5067808370674797,-0.19285069301141827,0.025796960885204973
597,-0.3866099332647547,-0.254173224039926,-0.07812729284432714
613,-0.5731957501452586,-0.14681883503219514,-0.02645263386731474
630,-0.47443453776396394,-0.13067268038926572,0.03971323398109136
646,-0.6557869741245179,-0.06615495795924184,-0.06271447115846247
663,-0.6052682481260103,0.006661489887165271,0.014677896608331464
680,-0.4753947264948145,0.11146135902355916,-0.06782909023117026
696,-0.41645093174794406,0.11620860745439546,0.023321499121676317
712,-0.43870406373781223,0.3133501358284176,-0.0017820741148741786
730,-0.43141582534206674,0.196344813311938,-0.08075659079527547
746,-0.40934491703503795,0.30376226334143586,0.05823696772285857
764,-0.4605553121937387,0.32930582904877165,-0.03672957883990246
780,-0.3514801628178133,0.5202667279357723,-0.04051262185071905
796,-0.277727938727641,0.4538777221428575,0.010028459861547143
814,-0.09949249824482567,0.5474358061016165,0.05743186747143576
830,-0.09685548041695077,0.3654467507213578,-0.05079109094891985
846,-0.20370982921117103,0.5174213719267795,0.0030839924923985827
864,0.02592671755158348,0.571170463649875,0.02144082501652865
881,0.031860034348846766,0.5026400697992728,0.0346552803631572
896,0.07019118355795076,0.5695300105695437,0.00882207776386126
912,0.23299637944960855,0.42350516693609586,-0.018351391954166116
928,0.32335679885053353,0.5509011352367782,-0.041379511032435985
947,0.3683950356755323,0.5884203470770138,0.004307194152318738
963,0.2751361511065332,0.3354572288755331,-0.05360695059928035
981,0.36051963131979725,0.2830717931622834,-0.14606752417473037
997,0.44866503726329277,0.38418415565891423,0.021827990207883393
1014,0.5304571364027983,0.3392554174409935,0.04519674205430976
1031,0.43719431911995343,0.11267969501521284,-0.11814662177709193
1047,0.476290907231239,0.0600757119251938,-0.05048653523549688
1063,0.41050656629365356,0.008852491055816526,0.03095771305025989
1081,0.4033168342876821,-0.13895130064739897,0.10287477348558494
1097,0.5561456911558802,-0.16718281301159837,0.0010396853837703948
1114,0.5840274604332427,-0.234839758527639,-0.03640014706145672
1130,0.44665271650658284,-0.2743134509908669,-0.009144822055242008
1147,0.5024465945823695,-0.2706881884804408,0.06874382095740925
1163,0.414187503391705,-0.2999748162714236,-0.032298208956226766
1180,0.29066397259593424,-0.2404442742855798,-0.03995960033251268
1196,0.32280427458690975,-0.48437682044657693,-0.024137176109101623
1214,0.36391976236813484,-0.35940754814380527,-0.04766643041293562
1230,0.18119619321354288,-0.48200735048216636,0.006133515799739777
1247,0.24951643604754825,-0.4882486773365102,0.08123392292347803
1263,-0.14691299154502763,-0.4420717912839105,0.016153963655801455
1278,0.0657522003500181,-0.5898177617249839,-0.012617675106314381
1297,-0.05570285132309789,-0.4654645709625148,-0.014590563445777206
1315,-0.1482655316196968,-0.47097540390727116,-0.07815954043483286
1331,-0.17672141421949847,-0.42549214182347384,0.044155488857357955
1348,-0.3998823502189292,-0.41501984850930623,-0.003891859850640102
1363,-0.31146637717323733,-0.20808448599460236,-0.009023995679531284
1381,-0.31370454724340424,-0.41550351245081146,0.15965537839224306
1397,-0.26702509780857286,-0.36119175127449094,0.014937645418284313
1414,-0.4636255802128996,-0.317764639603479,-0.03758955250475922
1430,-0.5170930144644648,-0.25732781531535653,-0.021317879810277166
1448,-0.5156688216343397,-0.20549946737199537,0.05742228545983774
1465,-0.4179114559481783,0.001430665195741282,0.005663520526888223
1481,-0.472713275441361,0.08224508007453078,-0.07191389891586834
1498,-0.5413941805154989,-0.014264443735301807,0.04596144672876018
1513,-0.4500822307152758,0.02710221144452417,-0.0334072042769497
1531,-0.46776205419973366,0.19222174169838585,0.09366488881087728
1549,-0.3749219269903788,0.1687118022400581,0.05400240328573243
1565,-0.4783282102611962,0.3185479429099384,-0.02236609478293756
1581,-0.41146959311571635,0.33494583654244847,0.06405081808675565
1598,-0.37364220521491687,0.24322478451092733,0.003392775526370165
1615,-0.41097382199680615,0.5283089132938785,0.042638683756110976
1631,-0.217187214885692,0.5818235538695732,0.02423664086472374
1648,-0.1631778545679479,0.41586514770537475,-0.04231783274954368
1664,-0.12393586705103096,0.45327545576943673,-0.0321774916158731
1680,-0.08143358745216378,0.5189265819152312,0.051498040879058064
1697,-0.1132296593640334,0.526756543198962,-0.016738766605327044
1713,0.029014990960922797,0.5487408924710653,-0.02018242316209984
1732,0.09692778226028578,0.6451079436656236,-0.04775612896746765
1748,0.11988009480460908,0.4507324647446018,0.021179953279673053
1765,0.227973980117577,0.37428956045885536,0.10312624596215725
1781,0.3262166946913994,0.2941629589463117,-0.053376645712713645
1796,0.49316842506118697,0.3060099105153521,0.0012109728336379035
1815,0.3992228464144417,0.31606183704444113,0.07061102777077147
1830,0.4427679940088285,0.4114780265709217,-0.003982069562285757
1847,0.44645785297171603,0.17148074185964335,0.022618589812486697
1865,0.32202656092365345,0.17241153331858589,-0.05311967640734399
1882,0.48902251532840707,0.09237682560704191,0.02141535486038243
1897,0.503831781009418,0.12646672164050352,-0.009357213250227439
1915,0.6960727332129587,0.1707593343052335,0.04928649978399315
1932,0.4757547481818547,-0.13616015912648718,0.05936930257823756
1946,0.4996520455342657,-0.1936636525889321,0.1294781821009307
1965,0.4496365846565902,-0.12935677561701078,0.028981658660678783
1981,0.3286697197414451,-0.21336207831939324,0.016289815829108323
1999,0.47668244654909664,-0.1709754088154618,0.009719215078866802
2015,0.4024281955792869,-0.3177700588846281,-0.01765831464053442
2031,0.3571751819096813,-0.43325186445043784,0.016924192173084558
2046,0.16812584066727831,-0.39090095356654714,-0.014770070506951472
2065,0.296285821217227,-0.376191956497493,0.008423048813480714
2081,0.012196858559045398,-0.41865300606852635,0.06587987678039799
2098,0.10961518428617459,-0.45547542816865494,-0.05032712826398206
2115,0.1752364500647995,-0.4146660248328677,0.05699392805645227
2131,-0.14190952279260743,-0.40251370342158493,0.06585575336699327
2149,-0.16964876195064904,-0.3737188612813135,-0.005903426349553938
2164,-0.17609016713532807,-0.4129914519369541,-0.10609274495042974
2181,-0.2811548893801536,-0.4515227864472801,-0.030391099354721625
2198,-0.41794570063152686,-0.3927714022728081,0.06484972732805547
2215,-0.3367885149798616,-0.26796359639003775,-0.0011434031149441062
2232,-0.47024091848598354,-0.3840668485533232,-0.04996511161474554
2247,-0.38427656830019324,-0.23841953277966585,-0.025238746061410872
2265,-0.525967464971714,-0.24435675076872515,0.042031001325227656
2282,-0.35153350574617354,-0.15220891135268866,0.027336678410068968
2299,-0.5538038887512435,0.008585491715722635,-0.011946604958484716
2317,-0.5247782855105899,-0.016107334323063698,-0.01834122059073438
2330,-0.43393198682456224,0.03511018361714896,-0.019587907452191095
2348,-0.5896127706790608,-0.015097833985531203,-0.04612050922492513
2364,-0.45733146337924657,0.21420878246965108,0.08076878447347209
2382,-0.3478421058904157,0.26452838027382175,-0.016116023460566994
2399,-0.5507626215159054,0.44097377535393567,0.060857926041274824
2415,-0.3704859127053101,0.294089736078105,0.07606580259612257
2430,-0.3214829294244705,0.38201633992382095,0.049915544907398024
2449,-0.23134679640405204,0.424459191884334,-0.021581015635902423
2465,-0.33983289392110483,0.5643496024030094,0.020186504516830475
2482,-0.28969880538908044,0.45726460035316974,-0.0012097803195458084
2498,-0.08258961833307525,0.5066133026259428,-0.04518509303650641
2516,-0.03890784292349725,0.544689071434562,0.01621796408608015
2532,0.020039428027669757,0.5149287298525087,-0.05895198955799013
2548,0.09038247354190947,0.4603426614931967,0.05938396942307819
2565,0.06994296585614711,0.4998187799961805,-0.023230864864919654
2583,0.2026425721152196,0.5507787829329074,0.010057982793641965
2598,0.26432263491475205,0.35603211606904694,0.01416439357730711
2613,0.23674451270412675,0.4151460711192241,-0.012945248685203867
2633,0.4915355138559243,0.30847464851557244,0.029334690073763738
2649,0.42316325506083696,0.41431572518833304,-0.023745182831126223
2664,0.32685968297479584,0.146058445106796,0.04356486487286221
2682,0.5049378149237161,0.1681758980008093,-0.06729898401233743
2699,0.397553724529391,0.18468544719263574,0.006318978977320592
2715,0.5541103936637404,0.21893257963161028,0.09694644995291424
2732,0.5917010105347281,0.026135238878818766,-0.05001656623027874
2749,0.43335877874599904,-0.07581122190011111,-0.03388724852624258
2767,0.5682137157038905,0.056801908262386666,0.02569539248294575
2783,0.5085507323024974,-0.2703496092207712,0.008979089096979897
2798,0.5181783390325685,-0.38879412231214383,0.01753150496367796
2816,0.573907401363323,-0.23271224148523223,0.02445935650738318
2831,0.3656255721076649,-0.35887633282255393,0.0317360734280885
2849,0.28197465981574527,-0.44618293908116285,0.05548499209781116
2864,0.22273147177619498,-0.34783998140352523,0.020490932846425627
2882,0.17561201425362322,-0.41864928292023545,-0.012062882730927123
2900,0.17789413958921171,-0.5100145334030635,0.03362868506013657
2915,0.15163710156776036,-0.5867159324579868,0.09499409674476078
2932,0.08480188072855549,-0.426260764394827,-0.006631687319128678
2949,0.06617465992288411,-0.44798390576330704,-0.04872646523353208
2966,-0.06162646543191878,-0.5039914197595896,0.05535403346434864
2983,-0.008062217409842684,-0.3365606208805022,-0.006019058197679912
3000,-0.20523482300137574,-0.5504950242502178,-0.10863347730070182
3016,-0.02326330372368801,-0.5601953536959109,0.042371083857521086
3031,-0.24383923832503568,-0.4598611427779736,-0.026766409297696137
3049,-0.41084615747764636,-0.36813119501914615,-0.004526664115208039
3064,-0.4709280212327829,-0.2992448389285304,0.01659901652845073
3080,-0.3835661695315519,-0.2872122821180059,0.009524983988953321
3099,-0.47029054905907697,-0.18472521406139428,0.03547259085695197
3114,-0.4184082186202093,-0.2546316511227097,-0.021774318528492168
3133,-0.4532846153984606,0.021810511032997637,0.025655289908804137
3149,-0.5048396772266857,-0.037967354036061586,-0.01297733387919586
3169,-0.5667568616596081,0.12077892629170714,0.03694052404437515
3184,-0.6123314033392135,0.12110868500307855,0.030768374200652673
3200,-0.5112494543129387,0.191048754719776,-0.04677193510222977
3216,-0.3839016226871323,0.2584710282011119,0.054299105808751615
3233,-0.40503646322059184,0.3037300822908825,-0.026798172255702402
3249,-0.4849157236848547,0.37012981566374714,0.04040288991405726
3266,-0.3284190788962499,0.47081651612130027,0.018364365670067034
3283,-0.26306723576792995,0.42023019076359114,0.09190918383975613
3299,-0.311585431946949,0.49487364062901235,-0.011173299118592607
3315,-0.1717642678666979,0.4577093874011471,-0.017465839805909874
3332,-0.1196882461067472,0.5995009578002736,-0.0009709802943866305
3349,-0.15410424060860212,0.44194596649249723,-0.015158989141713772
3364,0.028622988827862173,0.6440752346328652,0.0399970950971025
3383,0.10752937889161004,0.49284471460569146,-0.0808155304218294
3398,0.2109890430364484,0.36982957239487213,-0.052684120957317705
3416,0.2683664405051314,0.4751365961369888,-0.05339014607895966
3432,0.1306632876142902,0.3836692074239414,0.04751537959867879
3448,0.21886662295302628,0.47175998110657197,0.08553066862909627
3463,0.3834763743410365,0.31227439536651513,-0.005222460926873575
3483,0.4263594974608706,0.28301732021716336,-0.008441086159500531
3499,0.46336777765549153,0.11675013901385561,0.0035026081556590693
3516,0.7606320454853873,0.17670514024261033,0.058093915130409526
3533,0.5211994990030301,-0.03940184894284232,-0.04636765670952871
3549,0.5819888765787922,-0.03302156858599467,0.011918449136739256
3565,0.5753335052935921,0.09222843225619994,0.04875988148912149
3583,0.5511246643185996,0.03146875292740971,0.025054708496992262
3599,0.4659220857931168,-0.05965405235006497,0.00947908082993717
3617,0.5362457957870383,-0.23186658863781026,0.05005230462835706
3632,0.39058750907000434,-0.2167065542738939,-0.13516161464996188
3650,0.4032184742118075,-0.2682016006167427,0.033893765976545386
3666,0.3464275375615674,-0.411381170009747,-0.03270378415637119
3683,0.34882348411525027,-0.24421244956933363,-0.09153164484282285
3703,0.47906531148011766,-0.33431951394141973,0.025560129976249037
3718,0.09149562164351702,-0.4558304739283053,0.06868292725814788
3733,0.23896309157229959,-0.46273737582456337,-0.006872425731384593
3751,-0.004672326112744873,-0.46762095592851144,0.047643727360146944
3766,0.024912067518997646,-0.6593961401311821,0.08061391289943227
3783,0.08711604775738985,-0.5197741906016476,0.06574572267920237
3800,-0.057524215254514205,-0.5506160904970628,0.08199822646856965
3817,-0.21056452581677065,-0.5644211813559092,0.03710637455359461
3832,-0.24128657308313495,-0.4873762663750027,0.0037716819450796402
3850,-0.1865090171360818,-0.29433841787397086,-0.08009829059485843
3865,-0.35232195668360844,-0.35324106828611224,-0.01230312440649743
3883,-0.324956865797787,-0.41017863289332895,-0.04216232976580959
3899,-0.3816108741955899,-0.2729053723658517,0.10854713587489069
3914,-0.474291990559473,-0.15596496256261794,-0.00879429062161683
3933,-0.28089799908698354,-0.13891895114951502,0.006160240339224284
3949,-0.42481473636213574,-0.14973806759386035,0.027574268802023377
3967,-0.6531550322969528,-0.14544559950930916,0.0021801223186226864
3982,-0.4840970190325815,0.024462605324429218,0.08475255202153766
3997,-0.5519562813956069,0.06287409059839501,-0.031132468086722598
4017,-0.42294895858064685,0.16530611489507896,0.009730372761862137
4032,-0.5389299172221936,0.20532224132202903,-0.037123529284902416
4048,-0.46159244155036133,0.2968538630080839,-0.0660011255610353
4064,-0.38176498043257073,0.22509458056465328,-0.030588454545264272
4080,-0.3159962058542849,0.424103520125091,-0.0018518398524206012
4100,-0.43829726552880666,0.38029228208609767,-0.021465111225863
4116,-0.3206527250135129,0.5705293669974947,-0.0346210489936928
4134,-0.27887246194373494,0.3830183145747659,-0.0703158731835917
4150,-0.23632861494823715,0.6037653471973451,-0.004155278631434739
4167,0.01689139564005873,0.500124443241327,-0.07523601870155011
4182,-0.030268079905277696,0.44394391036808273,0.03800279818448013
4200,-0.100870716346806,0.4612891332756543,0.0041219876467251644
4219,0.13609557254653504,0.47042956600169317,-0.07287757497324653
4233,0.29411743934343854,0.5182248562764687,-0.015460453852493172
4250,0.26665949718643084,0.5067150819869656,-0.037607820279529164
4266,0.11932723977453631,0.39225733970684556,0.015958725520959022
4284,0.25515390031693735,0.4025601298065945,0.06702252230115723
4300,0.4436264448992747,0.5358659423996543,-0.09375862348228724
4319,0.3286430641383925,0.4569154484824014,0.005751303957370859
4334,0.4576695170027058,0.30281929106342076,-0.00800663977833202
4350,0.5143842505073565,0.2159299240359926,0.033567003822523284
4366,0.40137382042132996,0.16411100332493525,0.010659831411884459
4384,0.48638159687940014,0.14277209511129663,-0.03759846658694096
4400,0.23971197700860986,-0.05042814545121441,-0.01595269678333091
4416,0.41706235290739246,-0.051985382758526134,-0.03980129284017445
4433,0.4709381732528913,-0.22717738320307096,0.05380035692992992
4449,0.3757056035903885,-0.12257064737905246,0.001065582433597111
4467,0.5830064305475402,-0.16111397060631774,0.09505953428765038
4483,0.30775265251415673,-0.3065683144734485,-0.003033040690731039
4498,0.3500530624521359,-0.19279305381114226,-0.03542033834552314
4517,0.3527327991472318,-0.46254556675089287,-0.07568571963064136
4532,0.4091944892715263,-0.5216584876042589,-0.09015698381279726
4551,0.12600786495650335,-0.42019719453713344,-0.0792067971502745
4567,0.2771153765147337,-0.3811203787351541,0.013356332550574172
4582,0.12516358846399261,-0.34957736524768657,0.025436251161496694
4600,-0.015854075301685394,-0.5327680916867542,-0.07905953510160668
4616,0.03696827794106056,-0.41370553332549637,0.044751915703805774
4631,-0.04674184113627526,-0.49913802821729536,-0.024153052584171976
4647,-0.17236229375513137,-0.49810176455958105,0.0073396505992774684
4668,-0.17847810954313753,-0.39419544794519185,0.08061103141277122
4683,-0.27170192479979816,-0.38596750974885835,0.044841965793276595
4701,-0.2848112385261361,-0.5306198697462141,-0.013426532395291617
4716,-0.2893030990026598,-0.24636108573263488,-0.044559611270764375
4732,-0.25837527609626565,-0.2083046865425498,-0.10759077006646525
4751,-0.5211892026571564,-0.3179584136102591,-0.03595766596212101
4768,-0.28177085626050896,-0.1812253631075423,-0.010556511941384723
4784,-0.6316952821093773,-0.1149860822848536,-0.0493589763575592
4802,-0.5032864329671912,-0.07283675602694906,-0.006562848354615236
4817,-0.4519479876953697,-0.07541967207228994,0.003842594147938411
4834,-0.4765340147953332,-0.02233460967038743,-0.011242799090403929
4850,-0.5409595869499919,0.09164633161354636,-0.03250012904117299
4868,-0.49217803817615907,0.24832681872822224,0.008432733598336383
4884,-0.4918536010057168,0.25637765815008995,0.022097032478470453
4900,-0.4693131433065452,0.23826425092260858,-0.054519953872142306
4915,-0.31728845362621383,0.380447891726211,0.0705466189873135
4934,-0.3137123140871395,0.13660090406030073,-0.004929406614213087
4951,-0.34932539376708804,0.4964097532172427,0.0009424811472423831
4967,-0.16890884701619693,0.29897623771968407,0.03541072116282786
4983,-0.15947831467220994,0.43589296763187524,0.011660806563175084
5001,-0.05931597407531061,0.39471798899422417,0.04765683169566226
5018,-0.012296309428263527,0.3924828325995663,0.014356208260091211
5034,-0.06631960087376652,0.5928661429902815,-0.030621868732021898
5051,0.01785213356639348,0.45864125455228766,0.01807517626030508
5068,0.18412843199228696,0.5120118911027732,-0.05718631036603309
5083,0.2328918975770145,0.46113459663379164,0.005427985288826157
5100,0.23920470953372386,0.4763166061997825,-0.00166149953222304
5116,0.30327881681093993,0.4106542484722936,-0.010405842863626986
5132,0.4444867446274189,0.26184493577561974,-0.006426875571946537
5151,0.3379309102810285,0.3984133404301158,-0.09409245227488196
5167,0.4659317532446105,0.22841287083659334,-0.027436245387048076
5183,0.436238114038298,0.0883630938897566,0.004642245057055736
5199,0.45811376188939895,0.12025928431020147,0.007992819599870018
5217,0.5790457735233193,0.21375144054360828,-0.05138375704629791
5233,0.5650466721331782,0.09941299913373758,0.06328539204323504
5251,0.5640941350941869,-0.05928743051728359,-0.04330874241072505
5267,0.5955819299366911,-0.12163127363833448,0.04847286002633684
5282,0.47720856547819723,-0.1802393012848653,0.021359718093584244
5302,0.5069697639366065,-0.04674980709766963,-0.03231136549219015
5318,0.3973426222235309,-0.23735856131097421,0.0887655446304756
5335,0.41118992958697004,-0.28430866309905917,-0.059681841587824004
5350,0.3318621086149299,-0.28206163738815815,0.04595770868050008
5368,0.30165230334565457,-0.38540536446535223,0.05002911590214892
5383,0.2884893990858117,-0.4588767116875874,-0.03353101045383224
5401,0.1186046216836626,-0.4805962308709234,0.06962326500321644
5418,0.291735925637266,-0.49001968131744034,-0.012502325729947639
5433,-0.017814773737821837,-0.49903512957802587,0.014434681463992852
5452,-0.09713508902301601,-0.4417896365090416,0.013016091938561037
5467,0.029982253097856196,-0.49190167979265526,-0.00671543707352739
5484,-0.061011928065392795,-0.4256803743870692,0.040540413657989105
5500,-0.1341326909781632,-0.4713455693528136,0.03967443602761065
5517,-0.19060919630971485,-0.4318625247966447,-0.08742659866190905
5535,-0.2948723679739862,-0.564364551950045,0.06521701214390763
5550,-0.4140539026832101,-0.2911780997345081,-0.08312459940178372
5568,-0.37919225673239787,-0.29099291680250383,0.05162731021708287
5584,-0.47633689967197546,-0.18807258870072768,0.05633525684137917
5601,-0.37440394755959017,-0.44459007603803025,-0.05454832151075992
5617,-0.48729284866774714,0.01256147919498199,-0.02054071439772924
5633,-0.5571834011077454,-0.10485782754527564,-0.05528523342429679
5651,-0.524724231546375,0.05725936557434133,-0.010746051514436767
5668,-0.4659788478720859,-0.0517972144053859,-0.015401714209287064
5684,-0.5362415895886631,0.14271256969786394,0.038983026613466996
5702,-0.5413058897928916,0.07023525213358045,0.06551543730598042
5718,-0.43291854931365875,0.16298812892686762,0.0697841905394978
5733,-0.40256663706231055,0.42103590579883987,-0.02810840132891511
5749,-0.42581207541758404,0.3034574028132784,-0.01046109368722639
5768,-0.3799566174138118,0.38187894356508206,-0.08417190961104752
5785,-0.27532863115762485,0.4741139156425746,-0.04029350332480944
5801,-0.35672358437064616,0.4778078910597387,0.048242581654872885
5818,-0.2966593782924632,0.4769217553556119,0.08077914117741158
5836,-0.18182048128262587,0.5134884607616127,-0.061717443593996106
5850,-0.0797423889191004,0.6883305974763008,-0.029623212957644713
5866,0.02487260524783596,0.4953904962373131,-0.0013202878479463517
5885,0.18069511413811506,0.5121452743944364,0.01400805794098034
5902,0.19295771343858742,0.568343932244925,-0.04048017599608231
5918,0.17126719394526305,0.5533303175807651,0.021203052223204486
5935,0.23935554041864363,0.5331157644667616,-0.02369196735354581
5951,0.2136902769752097,0.45560691494981004,-0.0007226135439139552
5968,0.34079250208495354,0.27304392069226674,0.02731421240018498
5985,0.3621639302742815,0.4493865174584351,0.00032111349054689085
6000,0.4479814475780546,0.17620576604800334,-0.02181929452632843
6018,0.38623505074882214,0.23710048300166267,-0.005480490196291542
6035,0.5170759792868703,0.09416642918592595,-0.004418147960266766
6056,0.6137627384045503,0.08855958956542415,-0.018500551494106385
6068,0.49031255233758714,0.057696252588936715,-0.012939803133355118
6086,0.531150301982051,-0.005686682528636435,0.07993235852523585
6101,0.5463551447012338,-0.05993699695403727,0.028045972397061938
6117,0.44343062039670966,-0.02541159566278281,-0.014774015901458019
6134,0.4703409247778443,-0.17660690166141518,0.03484772022553678
6150,0.423171354813551,-0.2874459283127503,-0.0166909744878005
6169,0.3930707092718036,-0.24158502141127336,0.05865623187933207
6184,0.2804327702559074,-0.2693266745967342,0.018482109609904696
6201,0.2958534400869527,-0.5027171223984326,-0.005365107200211445
6219,0.28071670035049473,-0.3903613344339425,0.02238584629051388
6234,0.30015376496594387,-0.4087944235592532,-0.07854380760342497
6252,0.20108660966924588,-0.5080966608331146,-0.05633837344549027
6268,0.23492121338307542,-0.3860008055923094,-0.05969625031995277
6283,-0.06138780503104127,-0.5120044469626022,0.0071471547381853386
6301,0.007119034155501622,-0.4860112343795154,0.0866257499742546
6320,-0.10967758312335597,-0.498137326507026,0.11156500730963162
6333,-0.008878041684925009,-0.4636419191376084,0.03190255507203786
6349,-0.30554069987926924,-0.5258553469735482,0.02504222374722285
6369,-0.3610703735206978,-0.5197125677950178,-0.09005288670763695
6383,-0.3902249645998651,-0.23692390865270888,-0.027133689986701088
6402,-0.5551682793326782,-0.3864689027398123,-0.03938918759541195
6418,-0.4642243644854674,-0.34722478544600455,-0.031042379912555804
6435,-0.5131441391573046,-0.3851608548708356,-0.00840719092923948
6452,-0.4634967552294805,-0.20562543700263314,-0.02360452888485637
6468,-0.46380314730217104,-0.1995378407654652,-0.09896499051878939
6486,-0.34891969707686493,0.09996595304625297,0.03739551280587669
6502,-0.4229794571592518,0.11218062691206718,-0.05363715128699033
6517,-0.5372959178173368,0.03863862967864384,0.011962343205557478
6535,-0.5474014318554458,0.33470336161501757,0.10370413348749868
6551,-0.41305999251248976,0.2914308847418627,-0.045969229579321175
6568,-0.5277826193126598,0.24192688680880708,-0.1265143761373165
6586,-0.23873992011954764,0.1187595376844574,-0.014300211094005541
6601,-0.24791834330664314,0.5477597195179635,0.05504798174992856
6619,-0.33142667831461514,0.2933426998463845,0.0979173727110297
6636,-0.3779275993781275,0.30652144026538064,-0.06147747972262085
6652,-0.07575248640910587,0.5466938775048968,0.024834961161826086
6668,-0.1335081312026371,0.6794717730714573,-0.02326552283900267
6686,0.036358688175724185,0.6067991761380802,-0.005297417715206783
6701,-0.12755421270355033,0.5451127296041888,0.13221716735085173
6718,0.014716614945848965,0.5436376979904619,-0.07514851641975767
6735,0.12476443955988042,0.5525648252667407,0.012686983074728674
6752,0.18782072384351647,0.5256025301270676,0.02338465858827166
6769,0.204871599332516,0.46064865393948295,0.05428931624696736
6784,0.3437206207340342,0.41284458550362546,0.004899157673544772
6803,0.2568639186137371,0.3594768634787437,0.015402526975205118
6819,0.3738662625861912,0.25839482776501066,-0.019582428371089557
6835,0.4317876132879593,0.24545939134015657,0.013456347062255368
6854,0.4935686329577093,0.07745310064690608,-0.017159613774870526
6869,0.5324574483946877,0.14664132704389468,0.031078594492802543
6886,0.4011722580173146,0.014603368720790266,-0.0184805168021817
6903,0.37628423055528587,-0.05689188561260327,0.018855019695109325
6918,0.6012275099660166,-0.017003727672376335,-0.0014631406842489179
6937,0.5177287463227122,0.017669525614708026,0.05630251253860841
6952,0.4156493352230523,-0.08104316870728943,-0.002569686179424312
6970,0.5765056842748113,-0.33852969407239086,-0.08865162341034408
6985,0.4314179334944362,-0.34708364841512535,0.06309607503569958
7002,0.47960039611300104,-0.24345029983528732,-0.045286615043130946
7019,0.34767503147715356,-0.4430833051937701,-0.032688316932440994
7035,0.4587524601367963,-0.4224791491872351,-0.029783064702174608
7053,0.38130410444631524,-0.3941491720999669,0.06872190465854087
7071,0.16414514446401474,-0.5423557993332159,-0.10678371069893478
7084,0.2020706196587779,-0.47586154007263837,0.1568874266829997
7102,0.11429669274896284,-0.6027793902506953,0.052802840453302594
7118,0.10949052460259072,-0.548109411516097,0.011161945706457984
7133,-0.13986049362856084,-0.4704747959258358,-0.0027447000308143195
7153,-0.06946082678255228,-0.6117310792468492,0.014277703742882848
7169,-0.09938831739437166,-0.4296502639072939,0.026056121418966918
7185,-0.38157599596470615,-0.43972436393606656,0.03226077929750285
7203,-0.3885533071594977,-0.36030930083410256,0.027780223300172425
7219,-0.5054121271851514,-0.34657118298553385,0.004479034062762441
7235,-0.40680916814345813,-0.20958076047643867,-0.009866921015366306
7251,-0.3647605822873313,-0.25789543727766445,-0.007563664182675585
7269,-0.3322249620653264,-0.24724208907255882,-0.009745414017634051
7285,-0.46960067571399505,-0.14472469694489035,0.05668850484335323
7302,-0.3608543817186405,-0.05022681496995443,0.029677836114043094
7320,-0.6094214808713272,-0.02748645413860034,-0.14701943173321402
7335,-0.6352839593625482,0.034642595060966924,0.03279503882648805
7350,-0.495587441276074,0.03753132226832119,0.009736809735938743
7369,-0.44480302223243257,0.10147642378339684,-0.0009354378222948709
7385,-0.45502910608053776,0.10068122403855954,-0.019425922654444292
7403,-0.5875593307541968,0.4078795369444549,0.056205635999300674
7420,-0.39238622454891914,0.21920293604304042,0.0473763231061429
7435,-0.44663111300473185,0.30905189788703397,-0.03864388339118046
7453,-0.24031882223983575,0.3470359159419363,0.020352614356226758
7469,-0.21154897736310946,0.5097472901774872,-0.0485828367270643
7486,-0.25925265924853075,0.4412922686807621,-0.06898090823944653
7502,-0.16545429696936328,0.5841109463782141,-0.03133586122949826
7519,-0.147403698533269,0.4421781007177293,0.04311967361913794
7536,-0.005014327781854852,0.5223195329779041,0.047656252268804336
7551,0.13907800242225327,0.429229586396458,0.02565427100486465
7569,0.04548685987558215,0.6559035107861871,0.03625478934239986
7585,0.22438599758376782,0.3698803694217641,0.02580891435574792
7603,0.19845622758106013,0.46293899684009515,-0.032074079761147616
7619,0.23046279956524954,0.4552106476620412,0.021596127233697034
7636,0.3337111241679773,0.39758824150682787,0.040020476261384115
7652,0.3024372355943447,0.3038889821641282,0.03771456649067872
7668,0.37787201832323086,0.2575277415108275,0.05944566857373215
7686,0.3565832948259015,0.21639456354086578,0.03541519236005319
7702,0.6327062687808886,0.14274833705719234,0.017572410377079146
7720,0.4939647095220824,0.17080098663645654,0.05350751191582137
7736,0.443035323574729,0.2082370998919631,-0.0013260629624530032
7752,0.5161317570728737,-0.07599460256528118,-0.04409373256138589
7770,0.48215738138907777,-0.20327489565918955,-0.008153348197188194
7785,0.45785069018491986,-0.16157106105557134,-0.03724513224032246
7801,0.5015468622364836,-0.0065128987701910945,-0.03375891374871908
7820,0.4827645795547939,-0.3322073629270737,-0.007225933535775892
7836,0.34281652957905273,-0.18758265043881908,-0.03962099604999807
7852,0.2962080937127731,-0.23026824858458758,-0.015398076481952015
7867,0.27188849037410595,-0.4487955565241127,-0.09468073334768928
7887,0.05672314387200905,-0.3926346936871107,0.010664685368646929
7903,0.06284699136645655,-0.334616513093842,6.0273768111211846e-05
7920,0.23369488497798813,-0.5146217998433149,-0.04085443155340954
7935,0.19426403386225738,-0.5123437794654275,0.032962283421620255
7953,-0.01992288316451088,-0.5465344731158915,0.04687850688132792
7972,-0.01654205973768754,-0.5772378891126686,-0.08037799321844871
7986,-0.09944493121894443,-0.5362337841695962,-0.038136238928310716
8004,0.06224818833408374,-0.5628034642851076,-0.038457117489364916
8019,-0.15131084413609075,-0.4354266625611941,-0.04699515505544324
8037,-0.304126033464694,-0.4661063556721679,0.041473742096587426
8053,-0.41871678821237734,-0.34578144076744705,-0.009691306938640176
8070,-0.5137723270085015,-0.4431836465706337,-0.013225742065530538
8086,-0.40588687188162853,-0.24144297891234365,-0.10019311822033768
8103,-0.5129215858557544,-0.14620732885382148,0.03177090151046132
8120,-0.5893085549153899,-0.314007348593193,-0.06196291974267363
8137,-0.5428694561037466,-0.06376613170505632,0.002996631513316413
8153,-0.5855372045032872,0.06681825963320302,0.013868846897909584
8169,-0.36404203340833063,-0.06537602173064024,0.06803292979193255
8187,-0.42061244480838916,0.2274964482398743,-0.06544101995595561
8203,-0.4761660694529066,0.1880300179367562,-0.15097560779104127
8220,-0.33401799512180674,0.15648869732186543,0.009192477237684743
8236,-0.4159744981391991,0.26345187127688013,0.09002555907554269
8253,-0.4541593574941549,0.3633781478760836,0.06194731764697187
8270,-0.22042362678277366,0.3705647450236969,0.01048297076373129
8285,-0.25077982265146337,0.4476089765831836,-0.02458180928160237
8303,-0.32385652939697707,0.3644994525755808,0.04035612983186552
8322,-0.1992893705890278,0.47843710886701185,-0.04867730998522343
8337,-0.1943944038532119,0.37119442081191617,0.023817888467810966
8355,-0.17329059525929988,0.4871592657493427,0.025273507958331345
8370,0.07409420380252654,0.4276873886828168,0.05301049537494399
8385,0.215419948019761,0.43721495525005766,0.13798300194555388
8404,0.012459537676897683,0.5831790345811502,0.019620798358938353
8419,0.22909981527758252,0.5521930525916681,-0.02544818128537494
8435,0.18882543152111225,0.4868843896945054,-0.001278715609599722
8454,0.2549225954450584,0.31712347601366925,-0.08845379524445592
8469,0.2948820390252349,0.3391716377351215,-0.03473565655445291
8487,0.316137359813507,0.4157598108726824,-0.020464121905655202
8505,0.4260456929865934,0.2792507505806911,-0.026204419896729628
8519,0.3859375169201248,0.3984360089810759,0.0076177436016861
8538,0.4971648042099647,0.18597392433902127,-0.041120996619110034
8554,0.48712457660841313,0.10905458661206642,0.05605153336622357
8571,0.4798975204648231,0.006665942628454994,1.0353245909854693e-05
8587,0.4264082712508081,-0.020711987382071785,-0.0004650160569307209
8604,0.4450019189188776,-0.1058882442033067,-0.016394735825645892
8620,0.5359595562136382,-0.09785980305238359,0.007759534192948957
8637,0.4924869012429601,-0.13635346043896973,0.041254913233381735
8653,0.3439595431671217,-0.33079255433013705,-0.04335651078554502
8670,0.39320320582223306,-0.4252106311589666,-0.03290582445376283
8687,0.40238452283408555,-0.5113807435589713,-0.015186301438833233
8702,0.16034020365652782,-0.3638691910344695,-0.06729354617366075
8721,0.2843456524412507,-0.5264226685158426,-0.04096289298607489
8737,0.1310523756266731,-0.6371194903803236,-0.023811043677232954
8754,0.16999283706987897,-0.45320529220183886,0.04371945903563638
8770,0.001605884258753472,-0.29661738926261527,0.01312806645009625
8787,-0.14439056805316203,-0.5004856729231915,0.009679495568377218
8802,-0.19287001181280877,-0.42897808870110704,0.042544898108398614
8821,-0.12049814784951664,-0.4777452318805105,-0.006868589419969833
8836,-0.16328447620462322,-0.472799415199416,0.01952324249644448
8852,-0.31322216705920947,-0.36462722138291076,-0.005161087646624812
8870,-0.24280522944404842,-0.42773046072256454,0.013268117469981423
8888,-0.4751951579458599,-0.3430929285849547,-0.029137932880579104
8904,-0.390543005279681,-0.2929761703786626,-0.12194085791382146
8920,-0.5190452587320028,-0.32136063378094415,-0.006713958109315208
8938,-0.5045604148571828,-0.13352625781961375,0.07113740680499701
8954,-0.4717363644422649,-0.1685052777231026,0.046310770112079624
8970,-0.5599766945870606,-0.1541502700522898,0.048269874229558536
8987,-0.529777807752522,0.011525527720978895,0.06180653609031089
9003,-0.41850993947698056,-0.04048217877862689,0.004432879548071872
9021,-0.5372949749261957,0.09594514988239512,0.009865785370279781
9039,-0.4086728891823659,0.1537789774559362,-0.03088259477171751
9053,-0.5427900746056183,0.29976129104906424,-0.015803642801352488
9072,-0.37977962851778596,0.30588925611989276,0.030788557488557078
9087,-0.26993113173526184,0.3167098381747342,0.06019422185844081
9105,-0.5400051129745242,0.42990561764673174,-0.006972313784049978
9120,-0.35764424658387434,0.515725101108859,-0.022509463242570582
9137,-0.1947110668764112,0.48277816453008243,2.639794282986464e-05
9155,-0.20030590722577868,0.465716452531596,0.030060337446455743
9171,-0.0946532737127199,0.3793446819763036,-0.07219274080667709
9187,-0.11098543171941874,0.4108482576112089,-0.11480904765686191
9203,0.006927182997834199,0.47558202365162655,-0.027526842474579177
9221,0.050212437950784075,0.4472963744844964,-0.061035621295707936
9238,0.21776750851521343,0.46933387632547957,-0.025407009882365546
9253,0.2044159438064338,0.46942023693589513,-0.007389015940873577
9271,0.26788505001687446,0.4805287603704698,-0.02266242045115067
9288,0.26094246885644234,0.3988685949427441,0.07262337672353728
9304,0.30326505503854495,0.4034044452168019,0.016337238230116003
9321,0.35065196636232704,0.3238699480591519,0.015023717980541418
9337,0.45372013414127094,0.10987607218118911,0.0311103572021701
9355,0.41873476776738977,0.13774281427703366,-0.05694165588903846
9370,0.4987102466992895,0.1429814927297458,0.05195558937101344
9385,0.6571756892559798,-0.0030849221344280697,-0.0037882143267729943
9404,0.5687033404886711,0.07938955816435514,0.03352403086206063
9420,0.4729314816407085,0.091064806822838,-0.05359286165200777
9436,0.5872407391374606,0.003810290842925751,-0.07768793830080323
9454,0.4428822283058526,-0.17158392686189072,0.04089448290125144
9472,0.2893635634187799,-0.09363155483454338,0.018820476304875832
9488,0.34151705787761544,-0.25602000091332905,-0.04510257771787552
9503,0.2355932677058244,-0.3456788725637902,-0.04348315406373472
9521,0.31415247424104037,-0.4135565267939803,0.05627173922073847
9537,0.2953660964813989,-0.4287060721065253,-0.059470594643366397
9556,0.3749918220328817,-0.4692074855052292,0.08213364766279818
9572,0.21021646624347068,-0.4512549451540872,-0.04503103673239344
9587,0.10681690127772067,-0.47144566208032584,0.03191959628041915
9605,0.12901906327683055,-0.49581366904496577,-0.01643092378744923
9621,-0.17689082472062762,-0.4650449464202919,0.030159371554117156
9638,-0.04381745213346687,-0.40080564867433155,-0.02720570010570963
9654,-0.06267572807147316,-0.4083272497290089,-0.00813964530361471
9670,-0.30234917600472566,-0.5836800804201182,0.0020459587697860566
9688,-0.14937651359430548,-0.642467030814087,-0.05010937278907364
9705,-0.2668129135466823,-0.3297629042883327,0.037041217271006295
9720,-0.37549658607640973,-0.4738346095839383,-0.025660678323579263
9737,-0.33463407209939056,-0.33669322702576115,-0.01142999576700093
9754,-0.24050853412665643,-0.3615224395742461,-0.04971746873042562
9770,-0.43786422582832885,-0.35704808078894046,-0.12811668293976552
9785,-0.45567061124355,-0.11119147893109038,-0.009551388130008451
9804,-0.5278924973275633,-0.03295824446865409,0.1206307710806458
9821,-0.5670009137713192,-0.07751609182279462,0.039230214394901194
9838,-0.43258649889059597,-0.1758881236069333,-0.000963018986719732
9854,-0.559630331437054,0.04999110143266264,-0.013144541460413384
9869,-0.46980295917002474,0.18585281761967945,0.001123294640602319
9889,-0.4906261219742198,0.09457672028060439,0.0273559557587605
9904,-0.3838455766912955,0.2825821910718319,-0.05904064076544224
9921,-0.3585636529649404,0.31748720694050325,0.05571608473344361
9937,-0.25927035742371185,0.4108276336787933,0.0357690657720622
9956,-0.3346939380546189,0.4140749266606041,0.035909286285396726
9971,-0.26246683187432734,0.3603078247514073,0.021923786940486367
9986,-0.2623633736049273,0.5606139630772835,0.0009808328846994951
10005,-0.1598884043885171,0.47160921472215783,0.033643061798341
10021,-0.032482577338561525,0.4938729874964446,0.029590706687068903
10037,0.06055908933162668,0.4253385632741443,-0.01770203554705119
10052,-0.011106609152056204,0.4605947705619178,-0.02868008864484505
10072,0.19391341719087812,0.4135073634421641,0.005092814763099335
10088,0.292513305046736,0.45105255815025147,0.07745100757475937
10107,0.27395162930875117,0.5750900184333206,-0.061955353782695045
10122,0.44403629115088206,0.294756405752965,-0.073376263287622
10139,0.2803704170360559,0.235399401880569,0.008238042061825837
10154,0.2856842451229811,0.43640562107383385,0.0025443850928009034
10171,0.2798663428386629,0.25116750331735266,0.008667083218520411
10189,0.5720970711521439,0.15936382668974403,0.012197659895425013
10205,0.5278775106559022,0.23770087217915792,-0.011160112731740257
10222,0.4866968516915076,0.04524141411391502,0.07449317193010412
10238,0.5214108543197216,0.17747603684841023,-0.08004519892382578
10254,0.40897424043026587,0.022838809942487402,-0.0414248512390123
10270,0.6868037837336903,-0.13272356994451914,-0.0051627380074523695
10288,0.48586595270559607,0.018076159873769676,-0.08215944055770837
10305,0.4611651098014012,-0.2613468396228033,-0.008792720221603559
10321,0.48022529266290503,-0.20854576772875033,0.08307350828640092
10340,0.42373735992683226,-0.29476858844182485,0.0010443244147980894
10355,0.3601842749066731,-0.2603450105588036,0.011535045285934175
10370,0.23065466971061283,-0.2795876014493247,-0.06300823825862902
10387,0.2785943056217358,-0.4355930080966712,-0.030818070401973874
10402,0.33462423606034375,-0.5251616725718194,-0.01875981901619685
10422,0.2319785472748247,-0.44749380912918657,-0.015885754837811704
10438,0.19012154691330682,-0.5502745802374069,0.06408218975018844
10454,-0.04089725411449505,-0.3389290201978701,0.027884553036256227
10469,-0.14183500240283498,-0.48513452417062025,-0.0555728978468516
10485,-0.1344078971903988,-0.5135173046692845,0.012325238921600245
10505,-0.17960428335923936,-0.4501138184749346,0.02491108742483926
10520,-0.15334151557318065,-0.545923443184308,0.057007451926063324
10536,-0.4292897965234237,-0.4822376202683247,0.07902703432841868
10556,-0.2199095274074938,-0.2684512010751531,-0.050754709591393436
10571,-0.39789725327421466,-0.37126353719205546,-0.04054287556051692
10587,-0.45631444834679974,-0.35166627610405565,-0.06287889294573082
10605,-0.5333818762538234,-0.1699574255803529,-0.01170099295534907
10622,-0.6079167918968373,-0.059652164814437136,0.023317918722316727
10640,-0.42528997864739115,-0.03617439243965713,0.049366725829455095
10656,-0.4931479268390632,0.048288555099804585,-0.0037975511821261385
10673,-0.6022102361934202,-0.02914834732090102,-0.015992376162742197
10688,-0.5947499271294345,-0.020054196046489864,0.007587899612437019
10706,-0.5023910340907876,0.2746151893439112,-0.041757145081501156
10722,-0.3188918042098575,0.18707525867516694,0.10447693608473868
10739,-0.44293127086009715,0.24784675617309254,-0.08038305135590294
10754,-0.5055080576373426,0.4249675262222702,0.009237028944786223
10772,-0.3619329980912221,0.4089827144627566,0.10118031096148197
10788,-0.31571051172605,0.4409795189540025,0.00033999222799988845
10805,-0.4566277684861866,0.6113535276140167,-0.009501951750074724
10822,-0.18840586566376444,0.41340678451371404,-0.01787227114052136
10838,-0.14281970599912594,0.5585187908108135,-0.009019584088120392
10854,-0.006970107597079882,0.5006184006490054,0.06864242373382651
10872,0.14791648759562248,0.5214873823090606,-0.11059309556647534
10889,0.1527918191459708,0.6183348247702416,0.07667168506481628
10905,0.1028338483380353,0.524918441067487,-0.07119785762250726
10922,0.0955402036430095,0.5079519292680947,-0.01333261646172074
10939,0.44674562131084694,0.5239539270067157,-0.021462221014933093
10955,0.29863010086739283,0.3753122788240449,0.02942766348853599
10972,0.3433878963173747,0.29734754032359023,-0.07990621759418738
10990,0.3833266144190963,0.2351272593526598,0.023108633304097143
11006,0.43801074361243547,0.11060487033941885,0.10121548116434263
11023,0.4408646932790923,0.37738621617776646,-0.06815870022964053
11039,0.42963529759715524,0.06625182792974738,0.009485308380519784
11055,0.44739491006511334,0.07599036740599902,-0.033099108889830454
11071,0.4963931025968558,0.009250195773545366,0.02129436030965179
11090,0.45553938252343495,-0.006802723939922397,0.000957388870787603
11105,0.43411596275017045,-0.028431680289722566,-0.032074345452215484
11123,0.4840426763629285,-0.08567061811869427,0.0243936142435537
11138,0.4320153488393429,-0.25953584086804804,0.09021740548933715
11154,0.5424834018376268,-0.2812831345924047,-0.009545189586364935
11174,0.17317903671645204,-0.2961055988352829,0.03598789710740909
11189,0.4295941011181422,-0.3843796038053887,-0.06466364789355819
11206,0.39357944154605107,-0.2759208511058713,-0.04782181884090044
11221,0.07500561845821363,-0.39887534389086726,0.02362031389401887
11240,0.15664726881591,-0.40609802006014073,0.07420580142679825
11255,0.09462967430276673,-0.431261079070922,0.017780667439283
11273,-0.04993431879526701,-0.402179442058412,-0.01565290152615772
11289,-0.0622253350072737,-0.4855182753037034,-3.542972883229586e-05
11305,-0.1515126844194182,-0.5998039064937065,-0.06252038669848588
11323,0.01583669189146643,-0.4523165444241053,0.03022576631776834
11338,-0.1092080048905346,-0.5169967944474749,0.04411665311617046
11357,-0.1391524294513269,-0.48044267456191125,-0.02260451664165402
11372,-0.23615886102277636,-0.35759937568706723,-0.023502107387975077
11388,-0.4325976946617186,-0.26542166799601874,0.013293911482602425
11406,-0.42721824269027053,-0.3170102687354672,-0.021835986802029778
11423,-0.3830139978527745,-0.24320675648158044,-0.0033066307312911228
11439,-0.550183750944364,-0.0767124502117201,0.10498608945832577
11457,-0.4184883837337836,-0.13524824282839495,-0.012351285037299833
11473,-0.5103696572169958,0.1144439918415725,-0.017917007601061113
11489,-0.5289990288181036,0.013845511885866225,-0.03237709028175796
11507,-0.4421365667578568,-0.10946576096781326,0.03720959857499684
11523,-0.4556025604454627,0.15395798698121665,-0.00906120866090515
11540,-0.5044055514131026,0.18500116797809774,-0.0324686519160713
11556,-0.35966714196387073,0.3160698661091541,0.0660652016136506
11572,-0.5086490289590024,0.3217679055910899,0.07098015022568187
11590,-0.33598177283235536,0.3076355161556408,-0.03002117828693526
11606,-0.29482545232687335,0.26654045480755684,-0.09332699756803081
11621,-0.31865634129135856,0.38778663660458973,0.05037568449184611
11639,-0.21478619527149467,0.3701117036851842,-0.0342314912880002
11656,-0.2841513624531605,0.4184463669597489,0.03953127995813843
11672,-0.0504227820458763,0.5313778529179641,-0.09850519088559179
11688,-0.07745878769759612,0.6296497110053507,0.04462986691496546
11707,-0.04181784164153198,0.5315737223858384,-0.06055859646403906
11723,0.14658735484910473,0.4003867056944239,0.03653820595332623
11740,0.06799744833900431,0.5198597940219275,0.0007136533918217054
11756,0.07138537263324833,0.5606187618757801,-0.04769697096983225
11773,0.11634650316894256,0.3893707076763827,-0.020351815646339026
11789,0.3423734222538877,0.3937871238536403,0.034315922847835044
11807,0.23983920476463888,0.3656593692890442,0.005294722655761712
11823,0.5256401559466388,0.2559201298277716,0.029220649023624215
11840,0.25560961012031114,0.31977583219700484,0.09882202922577428
11858,0.5881300356962122,0.20321379389391506,-0.07821208058555257
11872,0.4924096555237847,0.188071092700041,0.0808606287484312
11890,0.4834065764147126,0.02269128306869639,0.005217796876160647
11907,0.45541983726941987,-0.0036014042612172448,-0.04493920241615641
11924,0.5309442533623017,0.026395248861567827,-0.0665156812869495
11940,0.48813284917035776,-0.12351730946019708,-0.009456019538851675
11956,0.5637924087088975,-0.016351389088804735,0.04608250559622297
11972,0.461551738125973,-0.2448605406317042,-0.006377456018876711
11988,0.43418810366796,-0.24993861942934384,0.07555774651236738
12006,0.3561676444107914,-0.24410472832449137,-0.07255878450257795
12024,0.33771790306665733,-0.4779535723453498,-0.0006044473923027281
12040,0.3185167676576027,-0.5453732021459348,-0.06261967222065595
12056,0.10406336563833254,-0.5602058451875366,0.018181594131248393
12073,0.07620744257388425,-0.36388151466995017,0.04434436950486502
12091,0.1838060711042439,-0.5284402322357116,-0.021038089684052665
12107,0.07633585183239064,-0.2914014078037782,-0.13021069283135672
12124,-0.014718666908207225,-0.5451398078925911,0.009947407339824728
12139,-0.06119190213692384,-0.48129324640147547,0.021836927586675478
12155,-0.09653840715349303,-0.36092278435888575,0.020214737748084882
12173,-0.22724305076708362,-0.3044008118913975,0.061789109591107706
12188,-0.30314121508304137,-0.2732330538910206,-0.05355268398245244
12207,-0.27822500573842346,-0.3078391987400213,0.034010805272522475
12224,-0.42054337517354534,-0.2825593116457903,0.059625375623898746
12242,-0.3525964009307331,-0.2713098389382549,-0.08892937920032584
12255,-0.5583706510900333,-0.20564451139616968,0.015982591295948863
12274,-0.3700810752469583,-0.2569845030888187,-0.025208991550383576
12289,-0.43772045955453226,-0.2199644078612617,-0.004076133655082295
12308,-0.47066124661923286,-0.09396061388574585,0.017383824176916817
12325,-0.4203980854984949,-0.04501002956664815,-0.024361428205677618
12340,-0.3657754086571297,-0.00486298418152642,-0.03378540395808059
12356,-0.4099940201628949,0.14940165308939463,0.00170762087440123
12374,-0.6227981966541091,0.23093291387311288,-0.05436229694314013
12390,-0.5547796835718652,0.21996219668588537,-0.05429125644425928
12408,-0.4721494489666632,0.38611580397391704,0.03396866414782517
12423,-0.3831693373710321,0.2273768657436594,-0.05743970175793281
12440,-0.30086083132681685,0.3489915569683261,0.033315625045460595
12458,-0.3519521311985138,0.3471627115392493,0.02312956464269756
12474,-0.22593549589269482,0.28883041065608506,-0.08629033643952984
12491,-0.24449291093060552,0.45827378807670943,-0.03387823261678276
12507,-0.1732663678217809,0.4745517798936536,0.05970547015236863
12524,-0.17519950453001137,0.6171333301166091,-0.04905827655698408
12540,-0.07385865968887773,0.5504649347643822,-0.023220213115469384
12557,-0.045468151667156745,0.4141224047109027,0.023103044662594826
12574,0.04627508334424177,0.6326189858710505,0.03916952546412977
12590,0.2683536200709635,0.5625709385861549,-0.012576944302224786
12607,0.1649249259442962,0.48472115629942425,-0.02987550973458208
12624,0.5044831913332248,0.3863897692794893,0.07111849308492539
12641,0.3817389850348152,0.2877291747728277,0.08694498318987895
12656,0.4000435112834818,0.28893545278866395,0.048942902539089776
12674,0.35349534033650987,0.3550132870658341,0.004265907128251203
12690,0.5084383165857299,0.3636565502573032,-0.04041328608204632
12707,0.4294772320485543,0.2779679794492506,-0.04152222032782826
12724,0.5009044105359721,0.054582703549966076,0.026125705263287877
12741,0.7038201272756393,-0.05817413489846164,0.02091991104443419
12758,0.4913285722361638,-0.02012436001176099,0.07007992964732147
12774,0.583085491467199,-0.2351658065378872,0.03252250462680696
12793,0.41927414413750586,-0.12865508005269113,-0.07515401508799091
12809,0.4496144469932545,-0.2246978526864262,0.052597380886145934
