      30,   0.989501,   0.197705,   0.000061
      47,   0.988525,   0.196850,   0.000061
      63,   0.984252,   0.197095,   0.000061
      79,   0.986327,   0.197949,   0.000061
      96,   0.988036,   0.197949,   0.000061
     114,   0.986449,   0.199658,   0.000061
     130,   0.989623,   0.198071,   0.000061
     147,   0.980590,   0.194165,   0.000061
     162,   0.985229,   0.195019,   0.000061
     181,   0.988036,   0.194287,   0.000061
     197,   0.987426,   0.197705,   0.000061
     213,   0.987548,   0.194653,   0.000061
     231,   0.987670,   0.196606,   0.000061
     246,   0.988281,   0.195996,   0.000061
     264,   0.984618,   0.193310,   0.000061
     279,   0.990356,   0.198193,   0.000061
     297,   0.984862,   0.195874,   0.000061
     313,   0.986083,   0.198437,   0.000061
     331,   0.985839,   0.197949,   0.000061
     346,   0.988281,   0.195996,   0.000061
     363,   0.989257,   0.197705,   0.000061
     381,   0.989135,   0.199170,   0.000061
     397,   0.984252,   0.194043,   0.000061
     414,   0.983153,   0.193188,   0.000061
     429,   0.987304,   0.195752,   0.000061
     445,   0.990234,   0.195019,   0.000061
     460,   0.986694,   0.199048,   0.000061
     482,   0.985717,   0.197827,   0.000061
     497,   0.987426,   0.197949,   0.000061
     513,   0.983397,   0.193554,   0.000061
     530,   0.988647,   0.197583,   0.000061
     547,   0.985106,   0.196362,   0.000061
     564,   0.983520,   0.196606,   0.000061
     580,   0.987182,   0.196484,   0.000061
     597,   0.984740,   0.195508,   0.000061
     613,   0.982299,   0.197217,   0.000061
     630,   0.984496,   0.197461,   0.000061
     646,   0.983031,   0.192700,   0.000061
     663,   0.987670,   0.195385,   0.000061
     680,   0.986449,   0.195996,   0.000061
     696,   0.985595,   0.198437,   0.000061
     712,   0.984984,   0.195508,   0.000061
     730,   0.983397,   0.198804,   0.000061
     746,   0.984862,   0.194897,   0.000061
     764,   0.984252,   0.195385,   0.000061
     780,   0.985839,   0.196240,   0.000061
     796,   0.988403,   0.195019,   0.000061
     814,   0.983642,   0.192822,   0.000061
     830,   0.984618,   0.196850,   0.000061
     846,   0.988158,   0.197095,   0.000061
     864,   0.989013,   0.197095,   0.000061
     881,   0.987304,   0.195385,   0.000061
     896,   0.986327,   0.196606,   0.000061
     912,   0.985351,   0.195874,   0.000061
     928,   0.986571,   0.195385,   0.000061
     947,   0.992187,   0.201611,   0.000061
     963,   0.987548,   0.197583,   0.000061
     981,   0.988158,   0.194165,   0.000061
     997,   0.986694,   0.196728,   0.000061
    1014,   0.988647,   0.196240,   0.000061
    1031,   0.989379,   0.196850,   0.000061
    1047,   0.985229,   0.195630,   0.000061
    1063,   0.987914,   0.196728,   0.000061
    1081,   0.987792,   0.197583,   0.000061
    1097,   0.987304,   0.195996,   0.000061
    1114,   0.985961,   0.198437,   0.000061
    1130,   0.989745,   0.197095,   0.000061
    1147,   0.986938,   0.195385,   0.000061
    1163,   0.984862,   0.197583,   0.000061
    1180,   0.988036,   0.197095,   0.000061
    1196,   0.985229,   0.195263,   0.000061
    1214,   0.986694,   0.193188,   0.000061
    1230,   0.983520,   0.195508,   0.000061
    1247,   0.987182,   0.195630,   0.000061
    1263,   0.982299,   0.194287,   0.000061
    1278,   0.986083,   0.196484,   0.000061
    1297,   0.986327,   0.197095,   0.000061
    1315,   0.989745,   0.197095,   0.000061
    1331,   0.987426,   0.194531,   0.000061
    1348,   0.987060,   0.196484,   0.000061
    1363,   0.987060,   0.196240,   0.000061
    1381,   0.988036,   0.199170,   0.000061
    1397,   0.985595,   0.195508,   0.000061
    1414,   0.983031,   0.194043,   0.000061
    1430,   0.990966,   0.193188,   0.000061
    1448,   0.987182,   0.196362,   0.000061
    1465,   0.985473,   0.195630,   0.000061
    1481,   0.984374,   0.194531,   0.000061
    1498,   0.990112,   0.197339,   0.000061
    1513,   0.988769,   0.197583,   0.000061
    1531,   0.987792,   0.195019,   0.000061
    1549,   0.983153,   0.200269,   0.000061
    1565,   0.985106,   0.193310,   0.000061
    1581,   0.989379,   0.195508,   0.000061
    1598,   0.985229,   0.197583,   0.000061
    1615,   0.984130,   0.197217,   0.000061
    1631,   0.987792,   0.194409,   0.000061
    1648,   0.985106,   0.192700,   0.000061
    1664,   0.986083,   0.195874,   0.000061
    1680,   0.985351,   0.197827,   0.000061
    1697,   0.990356,   0.195874,   0.000061
    1713,   0.987548,   0.197095,   0.000061
    1732,   0.987060,   0.200513,   0.000061
    1748,   0.985595,   0.196606,   0.000061
    1765,   0.989501,   0.193554,   0.000061
    1781,   0.984618,   0.195874,   0.000061
    1796,   0.984008,   0.193676,   0.000061
    1815,   0.987548,   0.192944,   0.000061
    1830,   0.987182,   0.197949,   0.000061
    1847,   0.986449,   0.197461,   0.000061
    1865,   0.991455,   0.197949,   0.000061
    1882,   0.988403,   0.197827,   0.000061
    1897,   0.984862,   0.196240,   0.000061
    1915,   0.986327,   0.194775,   0.000061
    1932,   0.984008,   0.195630,   0.000061
    1946,   0.987304,   0.196362,   0.000061
    1965,   0.986083,   0.195263,   0.000061
    1981,   0.984862,   0.191357,   0.000061
    1999,   0.990722,   0.197705,   0.000061
    2015,   0.983764,   0.198682,   0.000061
    2031,   0.986083,   0.197461,   0.000061
    2046,   0.980223,   0.196606,   0.000061
    2065,   0.986083,   0.197095,   0.000061
    2081,   0.992553,   0.196484,   0.000061
    2098,   0.987182,   0.193066,   0.000061
    2115,   0.981566,   0.194409,   0.000061
    2131,   0.986205,   0.198437,   0.000061
    2149,   0.988158,   0.196728,   0.000061
    2164,   0.984984,   0.197217,   0.000061
    2181,   0.986449,   0.196728,   0.000061
    2198,   0.990600,   0.197949,   0.000061
    2215,   0.985106,   0.197949,   0.000061
    2232,   0.986449,   0.199170,   0.000061
    2247,   0.983642,   0.195752,   0.000061
    2265,   0.984618,   0.197339,   0.000061
    2282,   0.987182,   0.198804,   0.000061
    2299,   0.987914,   0.195874,   0.000061
    2317,   0.988403,   0.195752,   0.000061
    2330,   0.983886,   0.199170,   0.000061
    2348,   0.986205,   0.195141,   0.000061
    2364,   0.983397,   0.192578,   0.000061
    2382,   0.986083,   0.195263,   0.000061
    2399,   0.991699,   0.198926,   0.000061
    2415,   0.989379,   0.195874,   0.000061
    2430,   0.982787,   0.196850,   0.000061
    2449,   0.987548,   0.197949,   0.000061
    2465,   0.985961,   0.198926,   0.000061
    2482,   0.986938,   0.199170,   0.000061
    2498,   0.984862,   0.194653,   0.000061
    2516,   0.989013,   0.197827,   0.000061
    2532,   0.989379,   0.197339,   0.000061
    2548,   0.987182,   0.197583,   0.000061
    2565,   0.984374,   0.199780,   0.000061
    2583,   0.986083,   0.194897,   0.000061
    2598,   0.985229,   0.195752,   0.000061
    2613,   0.988525,   0.195996,   0.000061
    2633,   0.991455,   0.198071,   0.000061
    2649,   0.985839,   0.198437,   0.000061
    2664,   0.982543,   0.196606,   0.000061
    2682,   0.988891,   0.200146,   0.000061
    2699,   0.987304,   0.196118,   0.000061
    2715,   0.981566,   0.197949,   0.000061
    2732,   0.985473,   0.196606,   0.000061
    2749,   0.984496,   0.198437,   0.000061
    2767,   0.984984,   0.197217,   0.000061
    2783,   0.985106,   0.200391,   0.000061
    2798,   0.984618,   0.195630,   0.000061
    2816,   0.987548,   0.197827,   0.000061
    2831,   0.985961,   0.195508,   0.000061
    2849,   0.984618,   0.199048,   0.000061
    2864,   0.985351,   0.195385,   0.000061
    2882,   0.987060,   0.195630,   0.000061
    2900,   0.983642,   0.198926,   0.000061
    2915,   0.988769,   0.196728,   0.000061
    2932,   0.987548,   0.195508,   0.000061
    2949,   0.987426,   0.195996,   0.000061
    2966,   0.986083,   0.196728,   0.000061
    2983,   0.985961,   0.195874,   0.000061
    3000,   0.989379,   0.196728,   0.000061
    3016,   0.982665,   0.195141,   0.000061
    3031,   0.983520,   0.192578,   0.000061
    3049,   0.990844,   0.197095,   0.000061
    3064,   0.989135,   0.198804,   0.000061
    3080,   0.989257,   0.194165,   0.000061
    3099,   0.987914,   0.196850,   0.000061
    3114,   0.994751,   0.196362,   0.000061
    3133,   0.993652,   0.185741,   0.000061
    3149,   0.973143,   0.212843,   0.000061
    3169,   0.989623,   0.203565,   0.000061
    3184,   0.986938,   0.188915,   0.000061
    3200,   0.987426,   0.194775,   0.000061
    3216,   0.985229,   0.198804,   0.000061
    3233,   0.989379,   0.195141,   0.000061
    3249,   0.982665,   0.199780,   0.000061
    3266,   0.988525,   0.200024,   0.000061
    3283,   0.984374,   0.195385,   0.000061
    3299,   0.989135,   0.189648,   0.000061
    3315,   0.984252,   0.199048,   0.000061
    3332,   0.983764,   0.203443,   0.000061
    3349,   0.989013,   0.192456,   0.000061
    3364,   0.987548,   0.191235,   0.000061
    3383,   0.983397,   0.198193,   0.000061
    3398,   0.983642,   0.197095,   0.000061
    3416,   0.985839,   0.194531,   0.000061
    3432,   0.986571,   0.197705,   0.000061
    3448,   0.982177,   0.197461,   0.000061
    3463,   0.986083,   0.194653,   0.000061
    3483,   0.987060,   0.196606,   0.000061
    3499,   0.985839,   0.195996,   0.000061
    3516,   0.984374,   0.193554,   0.000061
    3533,   0.985717,   0.197583,   0.000061
    3549,   0.985595,   0.197949,   0.000061
    3565,   0.986938,   0.196850,   0.000061
    3583,   0.981078,   0.193432,   0.000061
    3599,   0.988647,   0.199536,   0.000061
    3617,   0.986327,   0.197095,   0.000061
    3632,   0.983764,   0.193676,   0.000061
    3650,   0.989623,   0.198071,   0.000061
    3666,   0.984374,   0.198682,   0.000061
    3683,   0.987182,   0.198682,   0.000061
    3703,   0.986571,   0.197461,   0.000061
    3718,   0.986083,   0.199658,   0.000061
    3733,   0.984984,   0.196728,   0.000061
    3751,   0.992675,   0.196972,   0.000061
    3766,   0.953122,   0.188061,   0.000061
    3783,   0.980223,   0.209180,   0.000061
    3800,   0.974852,   0.202588,   0.000061
    3817,   1.011842,   0.205396,   0.000061
    3832,   0.975584,   0.176463,   0.000061
    3850,   0.997436,   0.197949,   0.000061
    3865,   0.979369,   0.200024,   0.000061
    3883,   0.987548,   0.194897,   0.000061
    3899,   0.986083,   0.197949,   0.000061
    3914,   0.989135,   0.196728,   0.000061
    3933,   0.981688,   0.192089,   0.000061
    3949,   0.990600,   0.197583,   0.000061
    3967,   0.983275,   0.198315,   0.000061
    3982,   0.990234,   0.201611,   0.000061
    3997,   0.987060,   0.190380,   0.000061
    4017,   0.990234,   0.191357,   0.000061
    4032,   0.975462,   0.199170,   0.000061
    4048,   0.998657,   0.204908,   0.000061
    4064,   0.985961,   0.191357,   0.000061
    4080,   0.984984,   0.192578,   0.000061
    4100,   0.984252,   0.200024,   0.000061
    4116,   0.988769,   0.199292,   0.000061
    4134,   0.982299,   0.193676,   0.000061
    4150,   0.991088,   0.201245,   0.000061
    4167,   0.981322,   0.192944,   0.000061
    4182,   0.990478,   0.196972,   0.000061
    4200,   0.986938,   0.200024,   0.000061
    4219,   0.985961,   0.196362,   0.000061
    4233,   0.989745,   0.194409,   0.000061
    4250,   0.985595,   0.198682,   0.000061
    4266,   0.980712,   0.200879,   0.000061
    4284,   0.986816,   0.198315,   0.000061
    4300,   0.986083,   0.193798,   0.000061
    4319,   0.985717,   0.198560,   0.000061
    4334,   0.989990,   0.202100,   0.000061
    4350,   0.989745,   0.193432,   0.000061
    4366,   0.986449,   0.195019,   0.000061
    4384,   0.985839,   0.197705,   0.000061
    4400,   0.985839,   0.197461,   0.000061
    4416,   0.988891,   0.192822,   0.000061
    4433,   0.987304,   0.197461,   0.000061
    4449,   0.982543,   0.197095,   0.000061
    4467,   0.991088,   0.196118,   0.000061
    4483,   0.984984,   0.197095,   0.000061
    4498,   0.988769,   0.199658,   0.000061
    4517,   0.985229,   0.194043,   0.000061
    4532,   0.989135,   0.196728,   0.000061
    4551,   0.985839,   0.196606,   0.000061
    4567,   0.985717,   0.195630,   0.000061
    4582,   0.984740,   0.195141,   0.000061
    4600,   0.989623,   0.195630,   0.000061
    4616,   0.988769,   0.197949,   0.000061
    4631,   0.985229,   0.197949,   0.000061
    4647,   0.986571,   0.194653,   0.000061
    4668,   0.987426,   0.193310,   0.000061
    4683,   0.982543,   0.198193,   0.000061
    4701,   0.987060,   0.198315,   0.000061
    4716,   0.981078,   0.193310,   0.000061
    4732,   0.984496,   0.197339,   0.000061
    4751,   0.987060,   0.195996,   0.000061
    4768,   0.989745,   0.201489,   0.000061
    4784,   0.985839,   0.195385,   0.000061
    4802,   0.988403,   0.195630,   0.000061
    4817,   0.987304,   0.193188,   0.000061
    4834,   0.987426,   0.195508,   0.000061
    4850,   0.990600,   0.195141,   0.000061
    4868,   0.988403,   0.198926,   0.000061
    4884,   0.985106,   0.197339,   0.000061
    4900,   0.985717,   0.198071,   0.000061
    4915,   0.980223,   0.195141,   0.000061
    4934,   0.986449,   0.201001,   0.000061
    4951,   0.984618,   0.192333,   0.000061
    4967,   0.990966,   0.194897,   0.000061
    4983,   0.985839,   0.196240,   0.000061
    5001,   0.988647,   0.193798,   0.000061
    5018,   0.986816,   0.199536,   0.000061
    5034,   0.985106,   0.196972,   0.000061
    5051,   0.982787,   0.198804,   0.000061
    5068,   0.990234,   0.199780,   0.000061
    5083,   0.988769,   0.194165,   0.000061
    5100,   0.984740,   0.197217,   0.000061
    5116,   0.988891,   0.199048,   0.000061
    5132,   0.992797,   0.199536,   0.000061
    5151,   0.983031,   0.196118,   0.000061
    5167,   0.981810,   0.193676,   0.000061
    5183,   0.988525,   0.196972,   0.000061
    5199,   0.984252,   0.194409,   0.000061
    5217,   0.985839,   0.198804,   0.000061
    5233,   0.981933,   0.196118,   0.000061
    5251,   0.989501,   0.198804,   0.000061
    5267,   0.985595,   0.198193,   0.000061
    5282,   0.984008,   0.196484,   0.000061
    5302,   0.974120,   0.192578,   0.000061
    5318,   1.024293,   0.198315,   0.000061
    5335,   0.981933,   0.206617,   0.000061
    5350,   0.983886,   0.192822,   0.000061
    5368,   0.984496,   0.198315,   0.000061
    5383,   0.984252,   0.194043,   0.000061
    5401,   0.986083,   0.197827,   0.000061
    5418,   0.991699,   0.198682,   0.000061
    5433,   0.980834,   0.193798,   0.000061
    5452,   0.979491,   0.199292,   0.000061
    5467,   0.992553,   0.194775,   0.000061
    5484,   0.989257,   0.195630,   0.000061
    5500,   0.988281,   0.203809,   0.000061
    5517,   0.989257,   0.197339,   0.000061
    5535,   0.987426,   0.195141,   0.000061
    5550,   0.988281,   0.196118,   0.000061
    5568,   0.984740,   0.197949,   0.000061
    5584,   0.989013,   0.197461,   0.000061
    5601,   0.982299,   0.195874,   0.000061
    5617,   0.986327,   0.198926,   0.000061
    5633,   0.982421,   0.194043,   0.000061
    5651,   0.988769,   0.197583,   0.000061
    5668,   0.978636,   0.197705,   0.000061
    5684,   0.980834,   0.195263,   0.000061
    5702,   0.988891,   0.195630,   0.000061
    5718,   0.988036,   0.198560,   0.000061
    5733,   0.988281,   0.198315,   0.000061
    5749,   0.985351,   0.197827,   0.000061
    5768,   0.984862,   0.191113,   0.000061
    5785,   0.986694,   0.196850,   0.000061
    5801,   0.981322,   0.197583,   0.000061
    5818,   0.988036,   0.197095,   0.000061
    5836,   0.987548,   0.197827,   0.000061
    5850,   0.984618,   0.196850,   0.000061
    5866,   0.987670,   0.196484,   0.000061
    5885,   0.986083,   0.197705,   0.000061
    5902,   0.993530,   0.198315,   0.000061
    5918,   0.987426,   0.196118,   0.000061
    5935,   0.993530,   0.196850,   0.000061
    5951,   0.987304,   0.198560,   0.000061
    5968,   0.987060,   0.192700,   0.000061
    5985,   0.984496,   0.193554,   0.000061
    6000,   0.984374,   0.196118,   0.000061
    6018,   0.982299,   0.195019,   0.000061
    6035,   0.998169,   0.201856,   0.000061
    6056,   1.000366,   0.201978,   0.000061
    6068,   0.973021,   0.192700,   0.000061
    6086,   0.977171,   0.191845,   0.000061
    6101,   0.989501,   0.199048,   0.000061
    6117,   0.983397,   0.197827,   0.000061
    6134,   0.988769,   0.197217,   0.000061
    6150,   0.989379,   0.193920,   0.000061
    6169,   0.988158,   0.196850,   0.000061
    6184,   0.984374,   0.196850,   0.000061
    6201,   0.987792,   0.201856,   0.000061
    6219,   0.985473,   0.195141,   0.000061
    6234,   0.987304,   0.195874,   0.000061
    6252,   0.986816,   0.195630,   0.000061
    6268,   0.985351,   0.196484,   0.000061
    6283,   0.986205,   0.198315,   0.000061
    6301,   0.988158,   0.200024,   0.000061
    6320,   0.984862,   0.191113,   0.000061
    6333,   0.989745,   0.197583,   0.000061
    6349,   0.979979,   0.199170,   0.000061
    6369,   0.990478,   0.197583,   0.000061
    6383,   0.986938,   0.194043,   0.000061
    6402,   0.985351,   0.199658,   0.000061
    6418,   0.986449,   0.198560,   0.000061
    6435,   0.991210,   0.195630,   0.000061
    6452,   0.986327,   0.192089,   0.000061
    6468,   0.987914,   0.195263,   0.000061
    6486,   0.982665,   0.201123,   0.000061
    6502,   0.988036,   0.200879,   0.000061
    6517,   0.988036,   0.196606,   0.000061
    6535,   0.986205,   0.194531,   0.000061
    6551,   0.986816,   0.195263,   0.000061
    6568,   0.988158,   0.197461,   0.000061
    6586,   0.985351,   0.198193,   0.000061
    6601,   0.991088,   0.197461,   0.000061
    6619,   0.987548,   0.195630,   0.000061
    6636,   0.986083,   0.194287,   0.000061
    6652,   0.989013,   0.199048,   0.000061
    6668,   0.991333,   0.196850,   0.000061
    6686,   0.985473,   0.198437,   0.000061
    6701,   0.987548,   0.196118,   0.000061
    6718,   0.984984,   0.197949,   0.000061
    6735,   0.977782,   0.194043,   0.000061
    6752,   0.990356,   0.195141,   0.000061
    6769,   0.984740,   0.195630,   0.000061
    6784,   0.986816,   0.195508,   0.000061
    6803,   0.983275,   0.195630,   0.000061
    6819,   0.985229,   0.196606,   0.000061
    6835,   0.985717,   0.197461,   0.000061
    6854,   0.986816,   0.195263,   0.000061
    6869,   0.983764,   0.197339,   0.000061
    6886,   0.973997,   0.195752,   0.000061
    6903,   1.005493,   0.203443,   0.000061
    6918,   0.990478,   0.195752,   0.000061
    6937,   0.984008,   0.196362,   0.000061
    6952,   0.985961,   0.200269,   0.000061
    6970,   0.985717,   0.192211,   0.000061
    6985,   0.982909,   0.196606,   0.000061
    7002,   0.989501,   0.197339,   0.000061
    7019,   0.990356,   0.196972,   0.000061
    7035,   0.985106,   0.193798,   0.000061
    7053,   0.990966,   0.196972,   0.000061
    7071,   0.985229,   0.195263,   0.000061
    7084,   0.987426,   0.195263,   0.000061
    7102,   0.987060,   0.197461,   0.000061
    7118,   0.984740,   0.202222,   0.000061
    7133,   0.982421,   0.197583,   0.000061
    7153,   0.985961,   0.196118,   0.000061
    7169,   0.984374,   0.198437,   0.000061
    7185,   0.981078,   0.199658,   0.000061
    7203,   0.986083,   0.195263,   0.000061
    7219,   0.986571,   0.198682,   0.000061
    7235,   0.988036,   0.196362,   0.000061
    7251,   0.986327,   0.197339,   0.000061
    7269,   0.985595,   0.195508,   0.000061
    7285,   0.986327,   0.197949,   0.000061
    7302,   0.987426,   0.194653,   0.000061
    7320,   0.981566,   0.199658,   0.000061
    7335,   0.988036,   0.196850,   0.000061
    7350,   0.985229,   0.197705,   0.000061
    7369,   0.988036,   0.197217,   0.000061
    7385,   0.986327,   0.197095,   0.000061
    7403,   0.987548,   0.196850,   0.000061
    7420,   0.985229,   0.195630,   0.000061
    7435,   0.988647,   0.197827,   0.000061
    7453,   0.987670,   0.193798,   0.000061
    7469,   0.987914,   0.199048,   0.000061
    7486,   0.983520,   0.197461,   0.000061
    7502,   0.988036,   0.193066,   0.000061
    7519,   0.986938,   0.196850,   0.000061
    7536,   0.988647,   0.197217,   0.000061
    7551,   0.982909,   0.197827,   0.000061
    7569,   0.989013,   0.195996,   0.000061
    7585,   0.986083,   0.194043,   0.000061
    7603,   0.987670,   0.196972,   0.000061
    7619,   0.989257,   0.195752,   0.000061
    7636,   0.986205,   0.193798,   0.000061
    7652,   0.988769,   0.193188,   0.000061
    7668,   0.986327,   0.197583,   0.000061
    7686,   0.984252,   0.196118,   0.000061
    7702,   0.985961,   0.197827,   0.000061
    7720,   0.983153,   0.196606,   0.000061
    7736,   0.990722,   0.196850,   0.000061
    7752,   0.981933,   0.197461,   0.000061
    7770,   0.989501,   0.196484,   0.000061
    7785,   0.983397,   0.194287,   0.000061
    7801,   0.984862,   0.197583,   0.000061
    7820,   0.981933,   0.196118,   0.000061
    7836,   0.989379,   0.194409,   0.000061
    7852,   0.983886,   0.195385,   0.000061
    7867,   0.987914,   0.196606,   0.000061
    7887,   0.980590,   0.196728,   0.000061
    7903,   0.984374,   0.191601,   0.000061
    7920,   0.984374,   0.197705,   0.000061
    7935,   0.985717,   0.197095,   0.000061
    7953,   0.987670,   0.199536,   0.000061
    7972,   0.985229,   0.194287,   0.000061
    7986,   0.985717,   0.195874,   0.000061
    8004,   0.985473,   0.197217,   0.000061
    8019,   0.983153,   0.194775,   0.000061
    8037,   0.989257,   0.193432,   0.000061
    8053,   0.988647,   0.196606,   0.000061
    8070,   0.984008,   0.196240,   0.000061
    8086,   0.989013,   0.196484,   0.000061
    8103,   0.985961,   0.197705,   0.000061
    8120,   0.986327,   0.197339,   0.000061
    8137,   0.986694,   0.197827,   0.000061
    8153,   0.988281,   0.196484,   0.000061
    8169,   0.984130,   0.197949,   0.000061
    8187,   0.984862,   0.196606,   0.000061
    8203,   0.984130,   0.196606,   0.000061
    8220,   0.987792,   0.198193,   0.000061
    8236,   0.987182,   0.197827,   0.000061
    8253,   0.992919,   0.195752,   0.000061
    8270,   0.982665,   0.195141,   0.000061
    8285,   0.983764,   0.197583,   0.000061
    8303,   0.988158,   0.198071,   0.000061
    8322,   0.989013,   0.195630,   0.000061
    8337,   0.982787,   0.198560,   0.000061
    8355,   0.983520,   0.198315,   0.000061
    8370,   0.988036,   0.197583,   0.000061
    8385,   0.984740,   0.198071,   0.000061
    8404,   0.985106,   0.196972,   0.000061
    8419,   0.983520,   0.195508,   0.000061
    8435,   0.986694,   0.198193,   0.000061
    8454,   0.984252,   0.198315,   0.000061
    8469,   0.985717,   0.195141,   0.000061
    8487,   0.987060,   0.196240,   0.000061
    8505,   0.985961,   0.198804,   0.000061
    8519,   0.988647,   0.197583,   0.000061
    8538,   0.988036,   0.197217,   0.000061
    8554,   0.984984,   0.198926,   0.000061
    8571,   0.985351,   0.196118,   0.000061
    8587,   0.985961,   0.197827,   0.000061
    8604,   0.986083,   0.196606,   0.000061
    8620,   0.981566,   0.186840,   0.000061
    8637,   0.989013,   0.196728,   0.000061
    8653,   0.986571,   0.195508,   0.000061
    8670,   0.982543,   0.199292,   0.000061
    8687,   0.986327,   0.195874,   0.000061
    8702,   0.987060,   0.193188,   0.000061
    8721,   0.987304,   0.195263,   0.000061
    8737,   0.985839,   0.196850,   0.000061
    8754,   0.986083,   0.198315,   0.000061
    8770,   0.985595,   0.197339,   0.000061
    8787,   0.987792,   0.194409,   0.000061
    8802,   0.989501,   0.198315,   0.000061
    8821,   0.984374,   0.199902,   0.000061
    8836,   0.981810,   0.197217,   0.000061
    8852,   0.984984,   0.196362,   0.000061
    8870,   0.984740,   0.193920,   0.000061
    8888,   0.986327,   0.197095,   0.000061
    8904,   0.990600,   0.197949,   0.000061
    8920,   0.986327,   0.197339,   0.000061
    8938,   0.989379,   0.197583,   0.000061
    8954,   0.986205,   0.198804,   0.000061
    8970,   0.986449,   0.201856,   0.000061
    8987,   0.988769,   0.198804,   0.000061
    9003,   0.986571,   0.193066,   0.000061
    9021,   0.985106,   0.193798,   0.000061
    9039,   0.989990,   0.196972,   0.000061
    9053,   0.986205,   0.198682,   0.000061
    9072,   0.983397,   0.195385,   0.000061
    9087,   0.985839,   0.199780,   0.000061
    9105,   0.988891,   0.196606,   0.000061
    9120,   0.985839,   0.196484,   0.000061
    9137,   0.992187,   0.196972,   0.000061
    9155,   0.987304,   0.194775,   0.000061
    9171,   0.988281,   0.193310,   0.000061
    9187,   0.984984,   0.195385,   0.000061
    9203,   0.986449,   0.199292,   0.000061
    9221,   0.989013,   0.197827,   0.000061
    9238,   0.986205,   0.198804,   0.000061
    9253,   0.986694,   0.198804,   0.000061
    9271,   0.986938,   0.197949,   0.000061
    9288,   0.984008,   0.195630,   0.000061
    9304,   0.985351,   0.196362,   0.000061
    9321,   0.989868,   0.197217,   0.000061
    9337,   0.986449,   0.196362,   0.000061
    9355,   0.990722,   0.195508,   0.000061
    9370,   0.986938,   0.195996,   0.000061
    9385,   0.984862,   0.197339,   0.000061
    9404,   0.984008,   0.196606,   0.000061
    9420,   0.989013,   0.195752,   0.000061
    9436,   0.986205,   0.195263,   0.000061
    9454,   0.983397,   0.193920,   0.000061
    9472,   0.986205,   0.197827,   0.000061
    9488,   0.986083,   0.197339,   0.000061
    9503,   0.982909,   0.198193,   0.000061
    9521,   0.988403,   0.201123,   0.000061
    9537,   0.988647,   0.195752,   0.000061
    9556,   0.990478,   0.196118,   0.000061
    9572,   0.985473,   0.197217,   0.000061
    9587,   0.985839,   0.195996,   0.000061
    9605,   0.985351,   0.197217,   0.000061
    9621,   0.987670,   0.196118,   0.000061
    9638,   0.988525,   0.195263,   0.000061
    9654,   0.987792,   0.196118,   0.000061
    9670,   0.985839,   0.197461,   0.000061
    9688,   0.983886,   0.196484,   0.000061
    9705,   0.989623,   0.195385,   0.000061
    9720,   0.984008,   0.195630,   0.000061
    9737,   0.988769,   0.198071,   0.000061
    9754,   0.986816,   0.198804,   0.000061
    9770,   0.986083,   0.195019,   0.000061
    9785,   0.985473,   0.194897,   0.000061
    9804,   0.986571,   0.193798,   0.000061
    9821,   0.985473,   0.196606,   0.000061
    9838,   0.985961,   0.197461,   0.000061
    9854,   0.989745,   0.196362,   0.000061
    9869,   0.985595,   0.195630,   0.000061
    9889,   0.985351,   0.200879,   0.000061
    9904,   0.987182,   0.196972,   0.000061
    9921,   0.985961,   0.198804,   0.000061
    9937,   0.985473,   0.197949,   0.000061
    9956,   0.987670,   0.197461,   0.000061
    9971,   0.989257,   0.195996,   0.000061
    9986,   0.986083,   0.197949,   0.000061
   10005,   0.989257,   0.194531,   0.000061
   10021,   0.988036,   0.195874,   0.000061
   10037,   0.987670,   0.197827,   0.000061
   10052,   0.980834,   0.197461,   0.000061
   10072,   0.989623,   0.198071,   0.000061
   10088,   0.988036,   0.193188,   0.000061
   10107,   0.985961,   0.194531,   0.000061
   10122,   0.986694,   0.197583,   0.000061
   10139,   0.986449,   0.195630,   0.000061
   10154,   0.983275,   0.196728,   0.000061
   10171,   0.987060,   0.194287,   0.000061
   10189,   0.984496,   0.196972,   0.000061
   10205,   0.986816,   0.196240,   0.000061
   10222,   0.992065,   0.194531,   0.000061
   10238,   0.988158,   0.196362,   0.000061
   10254,   0.985229,   0.195752,   0.000061
   10270,   0.988281,   0.195385,   0.000061
   10288,   0.986571,   0.197583,   0.000061
   10305,   0.990722,   0.195019,   0.000061
   10321,   0.985717,   0.192333,   0.000061
   10340,   0.984740,   0.197461,   0.000061
   10355,   0.985473,   0.196606,   0.000061
   10370,   0.986816,   0.191601,   0.000061
   10387,   0.984862,   0.197339,   0.000061
   10402,   0.982787,   0.199292,   0.000061
   10422,   0.991333,   0.194043,   0.000061
   10438,   0.987548,   0.196972,   0.000061
   10454,   0.989013,   0.196972,   0.000061
   10469,   0.985961,   0.196118,   0.000061
   10485,   0.989745,   0.198560,   0.000061
   10505,   0.987060,   0.196606,   0.000061
   10520,   0.984862,   0.196484,   0.000061
   10536,   0.982787,   0.195385,   0.000061
   10556,   0.985229,   0.198315,   0.000061
   10571,   0.987060,   0.199780,   0.000061
   10587,   0.986083,   0.197827,   0.000061
   10605,   0.982055,   0.199048,   0.000061
   10622,   0.984862,   0.196606,   0.000061
   10640,   0.986327,   0.198804,   0.000061
   10656,   0.989135,   0.194897,   0.000061
   10673,   0.986449,   0.199658,   0.000061
   10688,   0.986083,   0.197095,   0.000061
   10706,   0.984984,   0.195141,   0.000061
   10722,   0.983031,   0.194287,   0.000061
   10739,   0.988891,   0.195019,   0.000061
   10754,   0.983886,   0.196240,   0.000061
   10772,   0.983642,   0.196606,   0.000061
   10788,   0.990112,   0.197095,   0.000061
   10805,   0.984862,   0.196728,   0.000061
   10822,   0.987914,   0.200024,   0.000061
   10838,   0.983886,   0.198071,   0.000061
   10854,   0.988769,   0.196606,   0.000061
   10872,   0.983642,   0.196484,   0.000061
   10889,   0.987792,   0.199048,   0.000061
   10905,   0.984130,   0.193676,   0.000061
   10922,   0.989623,   0.200879,   0.000061
   10939,   0.982177,   0.198071,   0.000061
   10955,   0.990600,   0.196240,   0.000061
   10972,   0.983275,   0.197095,   0.000061
   10990,   0.987670,   0.195630,   0.000061
   11006,   0.985106,   0.197095,   0.000061
   11023,   0.987060,   0.198560,   0.000061
   11039,   0.986938,   0.199292,   0.000061
   11055,   0.987548,   0.195263,   0.000061
   11071,   0.988158,   0.194287,   0.000061
   11090,   0.986694,   0.198071,   0.000061
   11105,   0.987304,   0.194653,   0.000061
   11123,   0.986571,   0.194531,   0.000061
   11138,   0.986694,   0.194897,   0.000061
   11154,   0.987182,   0.192456,   0.000061
   11174,   0.986449,   0.196118,   0.000061
   11189,   0.984862,   0.199170,   0.000061
   11206,   0.986449,   0.195141,   0.000061
   11221,   0.983153,   0.197461,   0.000061
   11240,   0.983764,   0.195630,   0.000061
   11255,   0.984496,   0.195752,   0.000061
   11273,   0.986205,   0.197583,   0.000061
   11289,   0.989745,   0.195630,   0.000061
   11305,   0.989257,   0.196118,   0.000061
   11323,   0.987914,   0.194531,   0.000061
   11338,   0.987304,   0.195752,   0.000061
   11357,   0.983153,   0.198560,   0.000061
   11372,   0.988036,   0.196606,   0.000061
   11388,   0.985229,   0.197095,   0.000061
   11406,   0.989868,   0.197339,   0.000061
   11423,   0.983275,   0.197583,   0.000061
   11439,   0.986205,   0.198437,   0.000061
   11457,   0.989623,   0.195508,   0.000061
   11473,   0.986816,   0.196118,   0.000061
   11489,   0.986816,   0.198682,   0.000061
   11507,   0.986816,   0.194897,   0.000061
   11523,   0.988036,   0.195996,   0.000061
   11540,   0.984618,   0.198071,   0.000061
   11556,   0.985717,   0.196240,   0.000061
   11572,   0.987670,   0.199780,   0.000061
   11590,   0.984984,   0.197827,   0.000061
   11606,   0.985229,   0.197095,   0.000061
   11621,   0.984984,   0.195630,   0.000061
   11639,   0.982787,   0.197095,   0.000061
   11656,   0.985839,   0.195874,   0.000061
   11672,   0.986938,   0.195874,   0.000061
   11688,   0.986083,   0.199292,   0.000061
   11707,   0.990234,   0.194653,   0.000061
   11723,   0.989135,   0.194409,   0.000061
   11740,   0.988281,   0.197461,   0.000061
   11756,   0.985473,   0.196240,   0.000061
   11773,   0.986938,   0.202100,   0.000061
   11789,   0.985839,   0.200024,   0.000061
   11807,   0.991088,   0.196240,   0.000061
   11823,   0.987060,   0.196606,   0.000061
   11840,   0.986938,   0.199414,   0.000061
   11858,   0.988525,   0.197217,   0.000061
   11872,   0.982787,   0.197217,   0.000061
   11890,   0.983397,   0.195752,   0.000061
   11907,   0.988281,   0.194775,   0.000061
   11924,   0.988158,   0.196728,   0.000061
   11940,   0.989135,   0.197095,   0.000061
   11956,   0.987548,   0.195752,   0.000061
   11972,   0.985595,   0.195508,   0.000061
   11988,   0.987548,   0.196972,   0.000061
   12006,   0.984496,   0.198193,   0.000061
   12024,   0.988891,   0.198437,   0.000061
   12040,   0.983886,   0.195508,   0.000061
   12056,   0.985351,   0.196972,   0.000061
   12073,   0.982421,   0.195508,   0.000061
   12091,   0.982787,   0.196362,   0.000061
   12107,   0.988525,   0.197827,   0.000061
   12124,   0.985839,   0.194653,   0.000061
   12139,   0.985961,   0.194775,   0.000061
   12155,   0.984984,   0.195141,   0.000061
   12173,   0.986449,   0.196362,   0.000061
   12188,   0.983886,   0.196362,   0.000061
   12207,   0.985351,   0.195874,   0.000061
   12224,   0.985595,   0.198804,   0.000061
   12242,   0.983397,   0.200391,   0.000061
   12255,   0.985351,   0.197705,   0.000061
   12274,   0.985595,   0.197339,   0.000061
   12289,   0.983886,   0.197949,   0.000061
   12308,   0.988281,   0.194775,   0.000061
   12325,   0.988647,   0.196606,   0.000061
   12340,   0.987914,   0.194165,   0.000061
   12356,   0.988647,   0.198560,   0.000061
   12374,   0.982055,   0.196850,   0.000061
   12390,   0.986694,   0.196362,   0.000061
   12408,   0.984374,   0.198071,   0.000061
   12423,   0.990112,   0.196728,   0.000061
   12440,   0.983886,   0.195508,   0.000061
   12458,   0.991088,   0.199658,   0.000061
   12474,   0.984008,   0.196850,   0.000061
   12491,   0.984618,   0.197461,   0.000061
   12507,   0.982421,   0.196850,   0.000061
   12524,   0.985473,   0.196362,   0.000061
   12540,   0.987670,   0.196240,   0.000061
   12557,   0.989013,   0.197217,   0.000061
   12574,   0.986694,   0.194287,   0.000061
   12590,   0.985961,   0.198682,   0.000061
   12607,   0.984130,   0.197095,   0.000061
   12624,   0.983275,   0.197705,   0.000061
   12641,   0.986205,   0.192578,   0.000061
   12656,   0.986938,   0.197217,   0.000061
   12674,   0.987914,   0.198560,   0.000061
   12690,   0.989379,   0.196484,   0.000061
   12707,   0.988891,   0.197339,   0.000061
   12724,   0.984618,   0.198682,   0.000061
   12741,   0.985351,   0.195874,   0.000061
   12758,   0.990112,   0.197583,   0.000061
   12774,   0.986205,   0.196118,   0.000061
   12793,   0.990356,   0.195874,   0.000061
   12809,   0.988525,   0.196240,   0.000061
