      40,  -0.543307,   0.842031,   0.000061
      58,  -0.543307,   0.838125,   0.000061
      73,  -0.545016,   0.835561,   0.000061
      91,  -0.545993,   0.838369,   0.000061
     107,  -0.546603,   0.835317,   0.000061
     124,  -0.548556,   0.833364,   0.000061
     141,  -0.545016,   0.832143,   0.000061
     157,  -0.545260,   0.830068,   0.000061
     174,  -0.546359,   0.833486,   0.000061
     190,  -0.543917,   0.829824,   0.000061
     208,  -0.543673,   0.831655,   0.000061
     224,  -0.542086,   0.826283,   0.000061
     242,  -0.545627,   0.827870,   0.000061
     257,  -0.543185,   0.830800,   0.000061
     273,  -0.539645,   0.828481,   0.000061
     288,  -0.537081,   0.832753,   0.000061
     308,  -0.537447,   0.828725,   0.000061
     323,  -0.535616,   0.831289,   0.000061
     341,  -0.536959,   0.831167,   0.000061
     357,  -0.537447,   0.833120,   0.000061
     374,  -0.536105,   0.834585,   0.000061
     390,  -0.538790,   0.836294,   0.000061
     408,  -0.539034,   0.832998,   0.000061
     426,  -0.547091,   0.836538,   0.000061
     443,  -0.545749,   0.839712,   0.000061
     458,  -0.542697,   0.846182,   0.000061
     476,  -0.542453,   0.845694,   0.000061
     491,  -0.547214,   0.847403,   0.000061
     509,  -0.547458,   0.845083,   0.000061
     524,  -0.545382,   0.843130,   0.000061
     541,  -0.552707,   0.835073,   0.000061
     557,  -0.549899,   0.836416,   0.000061
     575,  -0.544650,   0.834707,   0.000061
     591,  -0.538912,   0.835195,   0.000061
     610,  -0.527193,   0.831289,   0.000061
     626,  -0.526460,   0.830434,   0.000061
     641,  -0.526705,   0.838491,   0.000061
     657,  -0.523286,   0.845816,   0.000061
     674,  -0.524629,   0.842886,   0.000061
     690,  -0.529268,   0.840078,   0.000061
     709,  -0.541110,   0.838735,   0.000061
     726,  -0.541232,   0.834707,   0.000061
     742,  -0.544284,   0.834829,   0.000061
     757,  -0.548434,   0.847891,   0.000061
     772,  -0.543063,   0.855094,   0.000061
     791,  -0.545749,   0.858268,   0.000061
     807,  -0.550266,   0.851920,   0.000061
     822,  -0.550143,   0.845327,   0.000061
     842,  -0.542331,   0.845450,   0.000061
     857,  -0.536349,   0.841909,   0.000061
     875,  -0.532320,   0.844595,   0.000061
     892,  -0.524751,   0.847891,   0.000061
     909,  -0.520234,   0.845816,   0.000061
     924,  -0.526338,   0.844595,   0.000061
     943,  -0.523653,   0.841177,   0.000061
     958,  -0.529024,   0.834463,   0.000061
     977,  -0.530611,   0.835195,   0.000061
     992,  -0.531466,   0.843740,   0.000061
    1008,  -0.534762,   0.849112,   0.000061
    1025,  -0.530733,   0.851065,   0.000061
    1043,  -0.532198,   0.853018,   0.000061
    1058,  -0.534395,   0.847769,   0.000061
    1075,  -0.532930,   0.833364,   0.000061
    1091,  -0.529878,   0.839102,   0.000061
    1110,  -0.530855,   0.848379,   0.000061
    1126,  -0.533785,   0.846548,   0.000061
    1141,  -0.527681,   0.845327,   0.000061
    1159,  -0.531099,   0.848135,   0.000061
    1174,  -0.532076,   0.839956,   0.000061
    1189,  -0.531954,   0.840688,   0.000061
    1210,  -0.532320,   0.844229,   0.000061
    1225,  -0.524507,   0.849966,   0.000061
    1242,  -0.524385,   0.849356,   0.000061
    1259,  -0.519502,   0.842886,   0.000061
    1274,  -0.515229,   0.840688,   0.000061
    1292,  -0.521455,   0.843740,   0.000061
    1309,  -0.526216,   0.846670,   0.000061
    1325,  -0.527803,   0.846548,   0.000061
    1342,  -0.531466,   0.845327,   0.000061
    1359,  -0.529756,   0.839712,   0.000061
    1374,  -0.526216,   0.844107,   0.000061
    1392,  -0.526949,   0.845450,   0.000061
    1408,  -0.524751,   0.849722,   0.000061
    1426,  -0.527437,   0.850455,   0.000061
    1441,  -0.524751,   0.851553,   0.000061
    1459,  -0.527925,   0.848135,   0.000061
    1474,  -0.532076,   0.853751,   0.000061
    1492,  -0.527193,   0.858146,   0.000061
    1510,  -0.533175,   0.859366,   0.000061
    1527,  -0.533175,   0.859122,   0.000061
    1541,  -0.537203,   0.853751,   0.000061
    1560,  -0.536471,   0.847647,   0.000061
    1576,  -0.529512,   0.842398,   0.000061
    1592,  -0.529024,   0.840688,   0.000061
    1610,  -0.532076,   0.849234,   0.000061
    1625,  -0.525728,   0.852896,   0.000061
    1641,  -0.523286,   0.859611,   0.000061
    1659,  -0.525484,   0.854728,   0.000061
    1674,  -0.528047,   0.850088,   0.000061
    1693,  -0.527193,   0.845450,   0.000061
    1709,  -0.521699,   0.842886,   0.000061
    1725,  -0.516328,   0.841909,   0.000061
    1742,  -0.515229,   0.847525,   0.000061
    1759,  -0.515473,   0.844717,   0.000061
    1777,  -0.513886,   0.844595,   0.000061
    1792,  -0.517305,   0.846182,   0.000061
    1809,  -0.514863,   0.850577,   0.000061
    1826,  -0.516816,   0.851676,   0.000061
    1842,  -0.509736,   0.847891,   0.000061
    1860,  -0.512055,   0.840933,   0.000061
    1875,  -0.514497,   0.843618,   0.000061
    1891,  -0.516938,   0.851920,   0.000061
    1909,  -0.521577,   0.860831,   0.000061
    1925,  -0.525972,   0.862540,   0.000061
    1942,  -0.530611,   0.857779,   0.000061
    1958,  -0.536227,   0.848257,   0.000061
    1976,  -0.534640,   0.853140,   0.000061
    1992,  -0.534395,   0.850577,   0.000061
    2007,  -0.528047,   0.854483,   0.000061
    2028,  -0.519502,   0.858512,   0.000061
    2042,  -0.519746,   0.858146,   0.000061
    2061,  -0.520845,   0.858268,   0.000061
    2076,  -0.518403,   0.845694,   0.000061
    2093,  -0.522188,   0.843618,   0.000061
    2110,  -0.513520,   0.842886,   0.000061
    2126,  -0.515473,   0.840078,   0.000061
    2142,  -0.515840,   0.852164,   0.000061
    2159,  -0.516206,   0.852652,   0.000061
    2177,  -0.519014,   0.851309,   0.000061
    2192,  -0.524385,   0.842031,   0.000061
    2208,  -0.526094,   0.844107,   0.000061
    2227,  -0.525850,   0.850577,   0.000061
    2242,  -0.527681,   0.856803,   0.000061
    2257,  -0.529146,   0.855338,   0.000061
    2276,  -0.533297,   0.853263,   0.000061
    2292,  -0.530611,   0.854117,   0.000061
    2312,  -0.530001,   0.850577,   0.000061
    2326,  -0.527803,   0.854361,   0.000061
    2342,  -0.527681,   0.854483,   0.000061
    2360,  -0.520967,   0.853140,   0.000061
    2376,  -0.517427,   0.852774,   0.000061
    2393,  -0.517915,   0.848501,   0.000061
    2408,  -0.520234,   0.845816,   0.000061
    2428,  -0.516084,   0.850699,   0.000061
    2444,  -0.520234,   0.847281,   0.000061
    2460,  -0.517549,   0.838491,   0.000061
    2478,  -0.524507,   0.835927,   0.000061
    2494,  -0.524507,   0.844229,   0.000061
    2509,  -0.530733,   0.861442,   0.000061
    2524,  -0.527925,   0.875481,   0.000061
    2543,  -0.524141,   0.876213,   0.000061
    2559,  -0.531099,   0.868522,   0.000061
    2576,  -0.531710,   0.860709,   0.000061
    2597,  -0.526827,   0.847403,   0.000061
    2611,  -0.521699,   0.843985,   0.000061
    2627,  -0.518892,   0.847037,   0.000061
    2645,  -0.515595,   0.848257,   0.000061
    2659,  -0.516816,   0.849600,   0.000061
    2677,  -0.522554,   0.847281,   0.000061
    2693,  -0.518647,   0.844107,   0.000061
    2708,  -0.522066,   0.842276,   0.000061
    2727,  -0.516328,   0.838369,   0.000061
    2742,  -0.519624,   0.845572,   0.000061
    2761,  -0.521943,   0.846670,   0.000061
    2778,  -0.518525,   0.850088,   0.000061
    2794,  -0.519624,   0.844351,   0.000061
    2810,  -0.516450,   0.841055,   0.000061
    2826,  -0.516206,   0.845938,   0.000061
    2842,  -0.513520,   0.851187,   0.000061
    2858,  -0.510712,   0.855826,   0.000061
    2876,  -0.509369,   0.862785,   0.000061
    2892,  -0.518769,   0.863151,   0.000061
    2911,  -0.520723,   0.852652,   0.000061
    2926,  -0.529878,   0.845938,   0.000061
    2945,  -0.523897,   0.847525,   0.000061
    2960,  -0.518647,   0.846548,   0.000061
    2976,  -0.517182,   0.851553,   0.000061
    2993,  -0.520234,   0.861686,   0.000061
    3010,  -0.521699,   0.870720,   0.000061
    3027,  -0.524873,   0.867912,   0.000061
    3042,  -0.528414,   0.860587,   0.000061
    3060,  -0.529512,   0.859244,   0.000061
    3075,  -0.524141,   0.858634,   0.000061
    3094,  -0.522066,   0.863029,   0.000061
    3110,  -0.515595,   0.862540,   0.000061
    3129,  -0.507782,   0.857657,   0.000061
    3143,  -0.509003,   0.852286,   0.000061
    3162,  -0.503876,   0.845938,   0.000061
    3177,  -0.501801,   0.845450,   0.000061
    3193,  -0.505341,   0.847403,   0.000061
    3210,  -0.502167,   0.845694,   0.000061
    3228,  -0.515718,   0.842642,   0.000061
    3243,  -0.521211,   0.848624,   0.000061
    3259,  -0.527315,   0.847403,   0.000061
    3277,  -0.524385,   0.852774,   0.000061
    3292,  -0.531588,   0.854605,   0.000061
    3311,  -0.528658,   0.849478,   0.000061
    3327,  -0.524751,   0.843618,   0.000061
    3343,  -0.512910,   0.845694,   0.000061
    3359,  -0.512055,   0.848501,   0.000061
    3377,  -0.507294,   0.852164,   0.000061
    3393,  -0.508027,   0.850211,   0.000061
    3410,  -0.513032,   0.853140,   0.000061
    3427,  -0.519136,   0.851187,   0.000061
    3443,  -0.525606,   0.848501,   0.000061
    3460,  -0.522432,   0.843618,   0.000061
    3477,  -0.522554,   0.842398,   0.000061
    3493,  -0.516938,   0.847891,   0.000061
    3508,  -0.517793,   0.857535,   0.000061
    3527,  -0.517305,   0.866935,   0.000061
    3545,  -0.524507,   0.868400,   0.000061
    3560,  -0.530001,   0.861808,   0.000061
    3576,  -0.533175,   0.859244,   0.000061
    3594,  -0.533053,   0.861442,   0.000061
    3610,  -0.531710,   0.866691,   0.000061
    3627,  -0.533663,   0.869987,   0.000061
    3643,  -0.529756,   0.863029,   0.000061
    3663,  -0.536105,   0.861686,   0.000061
    3676,  -0.531099,   0.857169,   0.000061
    3695,  -0.528292,   0.853263,   0.000061
    3710,  -0.525850,   0.848624,   0.000061
    3727,  -0.522066,   0.840933,   0.000061
    3744,  -0.516572,   0.842886,   0.000061
    3761,  -0.513520,   0.833852,   0.000061
    3777,  -0.506928,   0.830434,   0.000061
    3794,  -0.504120,   0.834463,   0.000061
    3810,  -0.507050,   0.845572,   0.000061
    3827,  -0.515840,   0.860465,   0.000061
    3844,  -0.521333,   0.864372,   0.000061
    3861,  -0.531221,   0.858878,   0.000061
    3877,  -0.536593,   0.846304,   0.000061
    3893,  -0.531221,   0.837392,   0.000061
    3909,  -0.527925,   0.842642,   0.000061
    3929,  -0.520723,   0.849478,   0.000061
    3944,  -0.511567,   0.853507,   0.000061
    3960,  -0.508149,   0.852774,   0.000061
    3977,  -0.510468,   0.847769,   0.000061
    3994,  -0.519990,   0.848990,   0.000061
    4010,  -0.518647,   0.848990,   0.000061
    4028,  -0.523164,   0.854361,   0.000061
    4046,  -0.526094,   0.859611,   0.000061
    4061,  -0.525850,   0.863639,   0.000061
    4079,  -0.530977,   0.856192,   0.000061
    4094,  -0.524507,   0.855338,   0.000061
    4110,  -0.525118,   0.851431,   0.000061
    4128,  -0.517549,   0.849722,   0.000061
    4144,  -0.511811,   0.851187,   0.000061
    4162,  -0.505951,   0.852530,   0.000061
    4178,  -0.512177,   0.850088,   0.000061
    4197,  -0.513032,   0.849844,   0.000061
    4213,  -0.517182,   0.842642,   0.000061
    4228,  -0.518525,   0.843496,   0.000061
    4243,  -0.519136,   0.849966,   0.000061
    4265,  -0.518159,   0.856436,   0.000061
    4278,  -0.513764,   0.855948,   0.000061
    4294,  -0.513154,   0.847891,   0.000061
    4311,  -0.513642,   0.843985,   0.000061
    4328,  -0.515351,   0.847769,   0.000061
    4345,  -0.518403,   0.857535,   0.000061
    4360,  -0.519624,   0.861198,   0.000061
    4378,  -0.527925,   0.854239,   0.000061
    4394,  -0.540499,   0.850455,   0.000061
    4410,  -0.540621,   0.850211,   0.000061
    4427,  -0.539889,   0.850821,   0.000061
    4444,  -0.532320,   0.853018,   0.000061
    4462,  -0.524019,   0.859366,   0.000061
    4478,  -0.517671,   0.862296,   0.000061
    4494,  -0.507416,   0.863883,   0.000061
    4510,  -0.510712,   0.869865,   0.000061
    4528,  -0.506195,   0.859977,   0.000061
    4544,  -0.518403,   0.846060,   0.000061
    4561,  -0.520112,   0.833974,   0.000061
    4577,  -0.522066,   0.824208,   0.000061
    4595,  -0.522676,   0.827016,   0.000061
    4613,  -0.524873,   0.837392,   0.000061
    4628,  -0.514497,   0.848868,   0.000061
    4645,  -0.510834,   0.860221,   0.000061
    4662,  -0.512666,   0.862907,   0.000061
    4677,  -0.517060,   0.859977,   0.000061
    4695,  -0.519136,   0.857413,   0.000061
    4710,  -0.521089,   0.850943,   0.000061
    4730,  -0.520356,   0.854117,   0.000061
    4744,  -0.516938,   0.858756,   0.000061
    4763,  -0.523653,   0.857535,   0.000061
    4778,  -0.532320,   0.846426,   0.000061
    4794,  -0.537936,   0.839712,   0.000061
    4812,  -0.539034,   0.834218,   0.000061
    4828,  -0.542086,   0.839956,   0.000061
    4845,  -0.537936,   0.847891,   0.000061
    4860,  -0.535128,   0.856681,   0.000061
    4879,  -0.526338,   0.862663,   0.000061
    4895,  -0.520723,   0.869499,   0.000061
    4910,  -0.519380,   0.865470,   0.000061
    4930,  -0.518647,   0.870720,   0.000061
    4944,  -0.517793,   0.869499,   0.000061
    4960,  -0.524141,   0.858756,   0.000061
    4978,  -0.521577,   0.852774,   0.000061
    4995,  -0.523653,   0.846060,   0.000061
    5011,  -0.524629,   0.846060,   0.000061
    5028,  -0.522554,   0.842031,   0.000061
    5045,  -0.519868,   0.842520,   0.000061
    5062,  -0.511689,   0.841055,   0.000061
    5077,  -0.509614,   0.840444,   0.000061
    5095,  -0.504731,   0.839590,   0.000061
    5111,  -0.511811,   0.846915,   0.000061
    5126,  -0.515718,   0.858024,   0.000061
    5146,  -0.521089,   0.867057,   0.000061
    5161,  -0.526094,   0.861930,   0.000061
    5176,  -0.532564,   0.857535,   0.000061
    5195,  -0.536105,   0.851553,   0.000061
    5210,  -0.528292,   0.848379,   0.000061
    5229,  -0.520601,   0.853385,   0.000061
    5244,  -0.512177,   0.859122,   0.000061
    5264,  -0.506073,   0.853385,   0.000061
    5277,  -0.508149,   0.850455,   0.000061
    5293,  -0.505707,   0.848624,   0.000061
    5312,  -0.509125,   0.848990,   0.000061
    5329,  -0.509369,   0.857291,   0.000061
    5346,  -0.514375,   0.852530,   0.000061
    5361,  -0.511811,   0.851431,   0.000061
    5379,  -0.507660,   0.850577,   0.000061
    5395,  -0.504242,   0.847037,   0.000061
    5410,  -0.507660,   0.843496,   0.000061
    5428,  -0.507538,   0.844351,   0.000061
    5444,  -0.515351,   0.850211,   0.000061
    5462,  -0.523653,   0.855704,   0.000061
    5479,  -0.528902,   0.859611,   0.000061
    5494,  -0.539523,   0.859366,   0.000061
    5512,  -0.536471,   0.855338,   0.000061
    5528,  -0.536959,   0.854361,   0.000061
    5544,  -0.528169,   0.855216,   0.000061
    5562,  -0.528292,   0.847159,   0.000061
    5578,  -0.527071,   0.844595,   0.000061
    5596,  -0.525240,   0.839712,   0.000061
    5612,  -0.525850,   0.842398,   0.000061
    5628,  -0.527559,   0.851065,   0.000061
    5646,  -0.526094,   0.856925,   0.000061
    5663,  -0.524385,   0.859122,   0.000061
    5678,  -0.524263,   0.858878,   0.000061
    5696,  -0.518525,   0.857413,   0.000061
    5714,  -0.517182,   0.851676,   0.000061
    5729,  -0.521699,   0.851431,   0.000061
    5744,  -0.524629,   0.853629,   0.000061
    5762,  -0.527315,   0.854972,   0.000061
    5781,  -0.522432,   0.856436,   0.000061
    5798,  -0.522676,   0.861442,   0.000061
    5811,  -0.521943,   0.864372,   0.000061
    5830,  -0.518037,   0.857657,   0.000061
    5845,  -0.516328,   0.845816,   0.000061
    5863,  -0.518647,   0.838735,   0.000061
    5878,  -0.517305,   0.837759,   0.000061
    5897,  -0.515107,   0.843985,   0.000061
    5912,  -0.513520,   0.850821,   0.000061
    5928,  -0.510224,   0.848624,   0.000061
    5946,  -0.509369,   0.844229,   0.000061
    5963,  -0.512421,   0.835439,   0.000061
    5979,  -0.513154,   0.832998,   0.000061
    5994,  -0.516816,   0.840078,   0.000061
    6014,  -0.516694,   0.853018,   0.000061
    6029,  -0.522066,   0.850577,   0.000061
    6045,  -0.523653,   0.855338,   0.000061
    6061,  -0.528414,   0.855826,   0.000061
    6079,  -0.529634,   0.855704,   0.000061
    6096,  -0.528780,   0.854117,   0.000061
    6111,  -0.532808,   0.854605,   0.000061
    6129,  -0.530489,   0.859855,   0.000061
    6145,  -0.532808,   0.858268,   0.000061
    6163,  -0.531832,   0.856925,   0.000061
    6179,  -0.529634,   0.849600,   0.000061
    6196,  -0.526705,   0.843130,   0.000061
    6212,  -0.526338,   0.838979,   0.000061
    6231,  -0.518892,   0.834951,   0.000061
    6246,  -0.518403,   0.827626,   0.000061
    6262,  -0.519502,   0.825185,   0.000061
    6278,  -0.522310,   0.826405,   0.000061
    6297,  -0.524995,   0.832021,   0.000061
    6312,  -0.519380,   0.851431,   0.000061
    6330,  -0.524995,   0.860709,   0.000061
    6348,  -0.532564,   0.862907,   0.000061
    6362,  -0.539645,   0.855948,   0.000061
    6381,  -0.547091,   0.857413,   0.000061
    6396,  -0.556369,   0.868766,   0.000061
    6413,  -0.552219,   0.868888,   0.000061
    6431,  -0.547702,   0.871330,   0.000061
    6448,  -0.539523,   0.860221,   0.000061
    6463,  -0.527193,   0.846548,   0.000061
    6480,  -0.523042,   0.841421,   0.000061
    6496,  -0.514863,   0.834218,   0.000061
    6513,  -0.504120,   0.833486,   0.000061
    6529,  -0.508881,   0.834096,   0.000061
    6545,  -0.513764,   0.833608,   0.000061
    6563,  -0.524751,   0.834707,   0.000061
    6578,  -0.523775,   0.838003,   0.000061
    6594,  -0.529268,   0.841543,   0.000061
    6613,  -0.536349,   0.853140,   0.000061
    6629,  -0.543673,   0.859855,   0.000061
    6644,  -0.543551,   0.857413,   0.000061
    6663,  -0.543673,   0.851309,   0.000061
    6678,  -0.542086,   0.847525,   0.000061
    6693,  -0.543307,   0.846426,   0.000061
    6713,  -0.537081,   0.851187,   0.000061
    6728,  -0.540743,   0.850821,   0.000061
    6747,  -0.539767,   0.852164,   0.000061
    6763,  -0.539645,   0.848868,   0.000061
    6779,  -0.537447,   0.845572,   0.000061
    6794,  -0.531343,   0.847769,   0.000061
    6813,  -0.530489,   0.847525,   0.000061
    6828,  -0.523775,   0.853263,   0.000061
    6847,  -0.522554,   0.849356,   0.000061
    6862,  -0.522188,   0.851553,   0.000061
    6877,  -0.515351,   0.852530,   0.000061
    6899,  -0.518769,   0.850943,   0.000061
    6913,  -0.519502,   0.851920,   0.000061
    6930,  -0.526460,   0.851798,   0.000061
    6946,  -0.534151,   0.846304,   0.000061
    6963,  -0.532320,   0.842520,   0.000061
    6981,  -0.540133,   0.837026,   0.000061
    6996,  -0.538546,   0.840200,   0.000061
    7012,  -0.536959,   0.842031,   0.000061
    7030,  -0.531588,   0.843130,   0.000061
    7047,  -0.524507,   0.844229,   0.000061
    7062,  -0.515229,   0.847403,   0.000061
    7081,  -0.516572,   0.848257,   0.000061
    7096,  -0.517182,   0.849112,   0.000061
    7112,  -0.523286,   0.851309,   0.000061
    7131,  -0.518892,   0.850088,   0.000061
    7146,  -0.522310,   0.856192,   0.000061
    7163,  -0.524751,   0.854850,   0.000061
    7179,  -0.521699,   0.852042,   0.000061
    7195,  -0.528292,   0.851553,   0.000061
    7213,  -0.526094,   0.848501,   0.000061
    7229,  -0.528169,   0.845572,   0.000061
    7246,  -0.529268,   0.843985,   0.000061
    7262,  -0.527315,   0.840444,   0.000061
    7281,  -0.524019,   0.844595,   0.000061
    7297,  -0.522432,   0.842886,   0.000061
    7313,  -0.521455,   0.842276,   0.000061
    7330,  -0.516938,   0.846426,   0.000061
    7346,  -0.524629,   0.849844,   0.000061
    7361,  -0.522920,   0.847891,   0.000061
    7377,  -0.526705,   0.843374,   0.000061
    7397,  -0.526460,   0.844351,   0.000061
    7416,  -0.532808,   0.853140,   0.000061
    7432,  -0.539156,   0.853507,   0.000061
    7448,  -0.538668,   0.855094,   0.000061
    7464,  -0.539645,   0.856070,   0.000061
    7480,  -0.537447,   0.854483,   0.000061
    7497,  -0.540133,   0.858024,   0.000061
    7514,  -0.541964,   0.851920,   0.000061
    7531,  -0.547458,   0.846915,   0.000061
    7546,  -0.544406,   0.838735,   0.000061
    7565,  -0.548923,   0.837759,   0.000061
    7579,  -0.542575,   0.845083,   0.000061
    7599,  -0.535128,   0.844839,   0.000061
    7614,  -0.523286,   0.846060,   0.000061
    7629,  -0.516694,   0.840933,   0.000061
    7644,  -0.510346,   0.833242,   0.000061
    7663,  -0.504731,   0.835927,   0.000061
    7679,  -0.504975,   0.841665,   0.000061
    7697,  -0.506684,   0.845327,   0.000061
    7713,  -0.521211,   0.846915,   0.000061
    7732,  -0.528047,   0.852042,   0.000061
    7747,  -0.533297,   0.851309,   0.000061
    7762,  -0.543185,   0.852286,   0.000061
    7779,  -0.549045,   0.852286,   0.000061
    7797,  -0.550143,   0.854239,   0.000061
    7813,  -0.542697,   0.850699,   0.000061
    7830,  -0.534029,   0.853751,   0.000061
    7847,  -0.531099,   0.849356,   0.000061
    7864,  -0.528780,   0.851798,   0.000061
    7880,  -0.528414,   0.856070,   0.000061
    7899,  -0.526705,   0.853751,   0.000061
    7914,  -0.531343,   0.849356,   0.000061
    7929,  -0.535738,   0.841543,   0.000061
    7948,  -0.531343,   0.843618,   0.000061
    7964,  -0.529024,   0.842520,   0.000061
    7981,  -0.526705,   0.849356,   0.000061
    7997,  -0.526705,   0.847647,   0.000061
    8014,  -0.523164,   0.848013,   0.000061
    8032,  -0.522798,   0.841665,   0.000061
    8048,  -0.520601,   0.837148,   0.000061
    8064,  -0.519380,   0.840688,   0.000061
    8079,  -0.516084,   0.843374,   0.000061
    8098,  -0.515229,   0.848501,   0.000061
    8114,  -0.520234,   0.847159,   0.000061
    8130,  -0.523897,   0.845938,   0.000061
    8149,  -0.530733,   0.844229,   0.000061
    8164,  -0.537325,   0.851187,   0.000061
    8180,  -0.533663,   0.855094,   0.000061
    8195,  -0.535372,   0.855948,   0.000061
    8215,  -0.535250,   0.852042,   0.000061
    8233,  -0.525240,   0.841909,   0.000061
    8247,  -0.519258,   0.844107,   0.000061
    8265,  -0.511079,   0.848624,   0.000061
    8280,  -0.510346,   0.856559,   0.000061
    8295,  -0.515229,   0.857535,   0.000061
    8314,  -0.521577,   0.859122,   0.000061
    8331,  -0.531710,   0.853629,   0.000061
    8346,  -0.537203,   0.845205,   0.000061
    8365,  -0.540866,   0.841421,   0.000061
    8380,  -0.539034,   0.837515,   0.000061
    8396,  -0.533175,   0.839956,   0.000061
    8415,  -0.522066,   0.849112,   0.000061
    8431,  -0.515351,   0.862663,   0.000061
    8447,  -0.515962,   0.872307,   0.000061
    8465,  -0.524385,   0.868644,   0.000061
    8480,  -0.539523,   0.854361,   0.000061
    8500,  -0.555393,   0.842153,   0.000061
    8515,  -0.565037,   0.828847,   0.000061
    8533,  -0.566746,   0.830434,   0.000061
    8548,  -0.554538,   0.835317,   0.000061
    8566,  -0.544894,   0.847891,   0.000061
    8581,  -0.526949,   0.855948,   0.000061
    8599,  -0.519746,   0.855460,   0.000061
    8614,  -0.504486,   0.844351,   0.000061
    8633,  -0.499603,   0.841787,   0.000061
    8648,  -0.497650,   0.846548,   0.000061
    8664,  -0.499481,   0.850211,   0.000061
    8680,  -0.509736,   0.851553,   0.000061
    8700,  -0.515107,   0.847281,   0.000061
    8715,  -0.525484,   0.847159,   0.000061
    8730,  -0.531954,   0.848624,   0.000061
    8746,  -0.530733,   0.849600,   0.000061
    8765,  -0.531588,   0.852042,   0.000061
    8783,  -0.525362,   0.850699,   0.000061
    8798,  -0.526827,   0.850943,   0.000061
    8813,  -0.530733,   0.841543,   0.000061
    8833,  -0.530733,   0.842276,   0.000061
    8847,  -0.532442,   0.851187,   0.000061
    8865,  -0.538424,   0.850699,   0.000061
    8881,  -0.540866,   0.848379,   0.000061
    8898,  -0.546847,   0.848135,   0.000061
    8917,  -0.543673,   0.853751,   0.000061
    8932,  -0.542208,   0.863761,   0.000061
    8947,  -0.539401,   0.860465,   0.000061
    8966,  -0.534762,   0.859000,   0.000061
    8981,  -0.527803,   0.853385,   0.000061
    8998,  -0.522188,   0.844351,   0.000061
    9014,  -0.515962,   0.832265,   0.000061
    9033,  -0.508027,   0.841543,   0.000061
    9047,  -0.503266,   0.848990,   0.000061
    9065,  -0.509003,   0.842642,   0.000061
    9081,  -0.510712,   0.836904,   0.000061
    9098,  -0.516694,   0.839224,   0.000061
    9115,  -0.522188,   0.849356,   0.000061
    9131,  -0.531954,   0.858512,   0.000061
    9150,  -0.538668,   0.854483,   0.000061
    9165,  -0.542697,   0.850333,   0.000061
    9181,  -0.545016,   0.841909,   0.000061
    9200,  -0.540621,   0.844473,   0.000061
    9215,  -0.530611,   0.854605,   0.000061
    9230,  -0.531466,   0.853873,   0.000061
    9248,  -0.530733,   0.851920,   0.000061
    9264,  -0.530977,   0.841787,   0.000061
    9285,  -0.530245,   0.837637,   0.000061
    9300,  -0.527071,   0.845816,   0.000061
    9315,  -0.524141,   0.852652,   0.000061
    9332,  -0.522066,   0.855460,   0.000061
    9347,  -0.523286,   0.857413,   0.000061
    9363,  -0.526827,   0.855826,   0.000061
    9378,  -0.524995,   0.855948,   0.000061
    9399,  -0.521943,   0.853507,   0.000061
    9414,  -0.521333,   0.848501,   0.000061
    9434,  -0.519990,   0.850088,   0.000061
    9449,  -0.513886,   0.848990,   0.000061
    9465,  -0.515229,   0.851676,   0.000061
    9482,  -0.517060,   0.846426,   0.000061
    9497,  -0.523897,   0.846548,   0.000061
    9515,  -0.528414,   0.846792,   0.000061
    9534,  -0.536227,   0.850455,   0.000061
    9549,  -0.540255,   0.856559,   0.000061
    9568,  -0.536593,   0.853995,   0.000061
    9581,  -0.532320,   0.851431,   0.000061
    9600,  -0.530489,   0.849478,   0.000061
    9616,  -0.522066,   0.853507,   0.000061
    9631,  -0.521455,   0.855826,   0.000061
    9649,  -0.516816,   0.856436,   0.000061
    9666,  -0.524019,   0.849112,   0.000061
    9682,  -0.518647,   0.846182,   0.000061
    9699,  -0.520967,   0.849234,   0.000061
    9715,  -0.522554,   0.864127,   0.000061
    9732,  -0.526094,   0.864127,   0.000061
    9748,  -0.530855,   0.855582,   0.000061
    9766,  -0.534518,   0.849966,   0.000061
    9784,  -0.535006,   0.843374,   0.000061
    9799,  -0.526094,   0.840688,   0.000061
    9817,  -0.524141,   0.841055,   0.000061
    9832,  -0.525850,   0.842398,   0.000061
    9848,  -0.529024,   0.844351,   0.000061
    9864,  -0.525362,   0.847403,   0.000061
    9882,  -0.527681,   0.851187,   0.000061
    9898,  -0.527437,   0.852896,   0.000061
    9917,  -0.525362,   0.844595,   0.000061
    9932,  -0.522920,   0.835927,   0.000061
    9949,  -0.518769,   0.845327,   0.000061
    9965,  -0.512666,   0.847525,   0.000061
    9981,  -0.510468,   0.845694,   0.000061
    9997,  -0.514253,   0.839468,   0.000061
   10016,  -0.523653,   0.835805,   0.000061
   10032,  -0.527437,   0.842276,   0.000061
   10049,  -0.531710,   0.849600,   0.000061
   10066,  -0.527315,   0.858512,   0.000061
   10082,  -0.527559,   0.857535,   0.000061
   10097,  -0.524385,   0.854850,   0.000061
   10116,  -0.522676,   0.856436,   0.000061
   10134,  -0.524385,   0.864738,   0.000061
   10149,  -0.517549,   0.865592,   0.000061
   10166,  -0.521821,   0.865714,   0.000061
   10183,  -0.527193,   0.864738,   0.000061
   10198,  -0.531099,   0.849478,   0.000061
   10216,  -0.538546,   0.843863,   0.000061
   10232,  -0.551364,   0.844717,   0.000061
   10249,  -0.552097,   0.857169,   0.000061
   10265,  -0.551242,   0.858024,   0.000061
   10281,  -0.540011,   0.849112,   0.000061
   10301,  -0.546359,   0.841421,   0.000061
   10316,  -0.542575,   0.839346,   0.000061
   10333,  -0.536227,   0.837148,   0.000061
   10347,  -0.523653,   0.837148,   0.000061
   10367,  -0.513276,   0.840933,   0.000061
   10382,  -0.509736,   0.844595,   0.000061
   10397,  -0.508759,   0.846915,   0.000061
   10416,  -0.517671,   0.844351,   0.000061
   10433,  -0.522432,   0.840200,   0.000061
   10451,  -0.526460,   0.838125,   0.000061
   10468,  -0.532930,   0.844229,   0.000061
   10482,  -0.531954,   0.849356,   0.000061
   10500,  -0.522798,   0.848868,   0.000061
   10516,  -0.517182,   0.858146,   0.000061
   10533,  -0.513764,   0.853995,   0.000061
   10549,  -0.512421,   0.853995,   0.000061
   10567,  -0.522676,   0.851309,   0.000061
   10582,  -0.530611,   0.852408,   0.000061
   10597,  -0.533297,   0.862663,   0.000061
   10618,  -0.533663,   0.868522,   0.000061
   10635,  -0.537814,   0.875847,   0.000061
   10651,  -0.532808,   0.862785,   0.000061
   10668,  -0.528658,   0.857047,   0.000061
   10683,  -0.516572,   0.848990,   0.000061
   10699,  -0.511079,   0.850943,   0.000061
   10718,  -0.500824,   0.844839,   0.000061
   10732,  -0.501068,   0.836660,   0.000061
   10751,  -0.500824,   0.835805,   0.000061
   10766,  -0.504608,   0.841787,   0.000061
   10781,  -0.507294,   0.849600,   0.000061
   10800,  -0.515351,   0.855948,   0.000061
   10815,  -0.515718,   0.869255,   0.000061
   10834,  -0.514253,   0.866813,   0.000061
   10850,  -0.518525,   0.861320,   0.000061
   10866,  -0.515840,   0.849722,   0.000061
   10881,  -0.518037,   0.848379,   0.000061
   10900,  -0.514741,   0.846426,   0.000061
   10917,  -0.520723,   0.851798,   0.000061
   10932,  -0.517427,   0.851676,   0.000061
   10948,  -0.517549,   0.859000,   0.000061
   10966,  -0.513886,   0.866081,   0.000061
   10982,  -0.513398,   0.872429,   0.000061
   11000,  -0.521699,   0.872795,   0.000061
   11015,  -0.523164,   0.867790,   0.000061
   11033,  -0.528047,   0.861930,   0.000061
   11049,  -0.530367,   0.860831,   0.000061
   11067,  -0.528169,   0.859000,   0.000061
   11084,  -0.521455,   0.858390,   0.000061
   11099,  -0.514863,   0.852408,   0.000061
   11116,  -0.514253,   0.850943,   0.000061
   11135,  -0.502289,   0.850577,   0.000061
   11150,  -0.497528,   0.848013,   0.000061
   11167,  -0.501557,   0.846060,   0.000061
   11185,  -0.505341,   0.850333,   0.000061
   11199,  -0.517671,   0.849112,   0.000061
   11217,  -0.519868,   0.847525,   0.000061
   11234,  -0.515595,   0.849966,   0.000061
   11250,  -0.520112,   0.853995,   0.000061
   11265,  -0.516206,   0.858390,   0.000061
   11284,  -0.509858,   0.855826,   0.000061
   11299,  -0.505829,   0.852774,   0.000061
   11317,  -0.505829,   0.853018,   0.000061
   11333,  -0.507416,   0.851553,   0.000061
   11351,  -0.511201,   0.851920,   0.000061
   11366,  -0.515840,   0.853629,   0.000061
   11383,  -0.510712,   0.856070,   0.000061
   11402,  -0.515473,   0.847525,   0.000061
   11418,  -0.513764,   0.847037,   0.000061
   11434,  -0.521211,   0.846182,   0.000061
   11450,  -0.517182,   0.860587,   0.000061
   11465,  -0.526094,   0.870842,   0.000061
   11484,  -0.529024,   0.871208,   0.000061
   11500,  -0.529878,   0.864616,   0.000061
   11516,  -0.526582,   0.859244,   0.000061
   11534,  -0.521943,   0.857535,   0.000061
   11550,  -0.518403,   0.864249,   0.000061
   11567,  -0.519746,   0.858756,   0.000061
   11582,  -0.518525,   0.853873,   0.000061
   11598,  -0.528780,   0.855582,   0.000061
   11617,  -0.529024,   0.853629,   0.000061
   11633,  -0.528658,   0.840078,   0.000061
   11652,  -0.528169,   0.839590,   0.000061
   11667,  -0.523897,   0.843130,   0.000061
   11686,  -0.520234,   0.849478,   0.000061
   11699,  -0.511567,   0.849844,   0.000061
   11718,  -0.512788,   0.852774,   0.000061
   11733,  -0.514253,   0.851676,   0.000061
   11752,  -0.515962,   0.846304,   0.000061
   11767,  -0.514375,   0.840322,   0.000061
   11784,  -0.518769,   0.842886,   0.000061
   11801,  -0.513642,   0.848379,   0.000061
   11817,  -0.517793,   0.855948,   0.000061
   11833,  -0.523775,   0.859611,   0.000061
   11850,  -0.525972,   0.862296,   0.000061
   11869,  -0.529390,   0.855826,   0.000061
   11884,  -0.537569,   0.847281,   0.000061
   11901,  -0.546481,   0.850821,   0.000061
   11919,  -0.544772,   0.852164,   0.000061
   11934,  -0.542819,   0.851309,   0.000061
   11950,  -0.536715,   0.848990,   0.000061
   11967,  -0.526460,   0.853263,   0.000061
   11983,  -0.519258,   0.858024,   0.000061
   11998,  -0.515229,   0.857657,   0.000061
   12017,  -0.506317,   0.856314,   0.000061
   12034,  -0.512299,   0.856559,   0.000061
   12050,  -0.515351,   0.854972,   0.000061
   12068,  -0.518159,   0.854850,   0.000061
   12083,  -0.521577,   0.850699,   0.000061
   12099,  -0.523897,   0.851920,   0.000061
   12117,  -0.525240,   0.855338,   0.000061
   12136,  -0.519502,   0.851309,   0.000061
   12151,  -0.516816,   0.843618,   0.000061
   12168,  -0.521333,   0.841055,   0.000061
   12184,  -0.520845,   0.843985,   0.000061
   12200,  -0.523653,   0.844961,   0.000061
   12217,  -0.529024,   0.843863,   0.000061
   12236,  -0.524507,   0.846915,   0.000061
   12252,  -0.528169,   0.846182,   0.000061
   12267,  -0.520967,   0.854850,   0.000061
